{
   "@collapsed" : false,
   "@configType" : "BIOME",
   "@name" : "burn_7",
   "@position" : [ 7932, 8160 ],
   "@scroll" : [ 8348.8232421875, 8201.2529296875, -0.5 ],
   "@toggle-test" : false,
   "@toggle-world" : false,
   "@unlinked" : [],
   "@version" : 17,
   "biome" : {
      "fun" : {
         "@collapsed" : false,
         "@name" : "Select Biome",
         "@position" : [ 8254, 8007 ],
         "components" : [
            {
               "fun" : {
                  "@collapsed" : false,
                  "@name" : "tier_7",
                  "@position" : [ 8574, 8159 ],
                  "links" : [],
                  "reference" : "biomes/release/tier 7/tier_7.json",
                  "seed" : 14957808497759182650,
                  "seed-combine" : true,
                  "seed-hash" : "VOpWNfYxmyOCuuXS",
                  "tick" : 0,
                  "type" : "reference"
               }
            }
         ],
         "count" : 1,
         "labels" : [
            {
               "label" : "rocky",
               "weight" : {
                  "enabled" : true,
                  "value" : 0.5
               }
            },
            {
               "label" : "desert",
               "weight" : {
                  "enabled" : true,
                  "value" : 0.5
               }
            },
            {
               "label" : "wasteland",
               "weight" : {
                  "enabled" : true,
                  "value" : 0.5
               }
            },
            {
               "label" : "sea",
               "weight" : {
                  "enabled" : true,
                  "value" : 0.5
               }
            },
            {
               "label" : "lake",
               "weight" : {
                  "enabled" : true,
                  "value" : 0.5
               }
            }
         ],
         "seed" : 12966061174759714655,
         "seed-combine" : true,
         "seed-hash" : "1hBSqVnx0YRrHkBu",
         "type" : "select"
      },
      "links" : [
         {
            "blockConstraint" : 2154850752,
            "blockDefault" : "",
            "checkDefault" : false,
            "linkPath" : [
               {
                  "index" : -1,
                  "name" : "biome"
               },
               {
                  "index" : -1,
                  "name" : "fun"
               },
               {
                  "index" : -1,
                  "name" : "count"
               }
            ],
            "linkType" : "LT:CUSTOM_SLIDER",
            "name" : "count",
            "shortPath" : "Select Biome.count",
            "sliderCheck" : false,
            "sliderDefault" : 3,
            "sliderMax" : 50,
            "sliderMin" : 1,
            "sliderStep" : 1
         }
      ]
   },
   "generator" : {
      "@version" : 6,
      "biomeSize" : 24,
      "lowerSea" : {
         "level" : 16,
         "liquidType" : "WATER"
      },
      "sea" : {
         "level" : 64,
         "liquidType" : "WATER"
      }
   },
   "seed" : "I has a seed!",
   "sharedConfig" : {
      "blockColors" : {
         "ASH_DEFAULT_BASE" : 1,
         "CRYSTAL_GLEAM_BASE" : 13,
         "FLORA_FLOWER_1" : 1,
         "FLORA_FLOWER_2" : 1,
         "FLORA_FLOWER_3" : 1,
         "FLORA_FLOWER_4" : 1,
         "GRASS_BARBED_BASE" : 8,
         "GRASS_GNARLED_BASE" : 7,
         "GRASS_VERDANT_BASE" : 9,
         "GRAVEL_DEFAULT_BASE" : 16,
         "GROWTH_DEFAULT_BASE" : 1,
         "ICE_DEFAULT_BASE" : 1,
         "ICE_GLACIER_BASE" : 1,
         "MOULD_DEFAULT_BASE" : 1,
         "MUD_DEFAULT_BASE" : 1,
         "ROCK_IGNEOUS_BASE" : 4,
         "ROCK_METAMORPHIC_BASE" : 5,
         "ROCK_SEDIMENTARY_BASE" : 6,
         "SAND_DEFAULT_BASE" : 16,
         "SOIL_CLAY_BASE" : 1,
         "SOIL_PEATY_BASE" : 3,
         "SOIL_SILTY_BASE" : 2,
         "SPONGE_DEFAULT_BASE" : 1,
         "TANGLE_DEFAULT_BASE" : 1,
         "THORNS_DEFAULT_BASE" : 1,
         "WOOD_ANCIENT_TRUNK" : 10,
         "WOOD_EXOTIC_LEAVES" : 15,
         "WOOD_LUSH_LEAVES" : 13,
         "WOOD_LUSTROUS_TRUNK" : 1,
         "WOOD_TWISTED_TRUNK" : 11,
         "WOOD_WAXY_LEAVES" : 14
      },
      "worldSize" : 288
   },
   "test" : {
      "@collapsed" : false,
      "@name" : "Reference Biome",
      "@position" : [ 8237, 8378 ],
      "embedded" : {
         "@collapsed" : false,
         "@configType" : "BIOME",
         "@name" : "burn_7",
         "@position" : [ 7932, 8160 ],
         "@toggle-test" : false,
         "@toggle-world" : false,
         "@version" : 15,
         "biome" : {
            "fun" : {
               "@collapsed" : false,
               "@name" : "Select Biome",
               "@position" : [ 8254, 8007 ],
               "components" : [
                  {
                     "fun" : {
                        "@collapsed" : false,
                        "@name" : "tier_7",
                        "@position" : [ 8574, 8159 ],
                        "links" : [],
                        "reference" : "biomes/release/tier 7/tier_7.json",
                        "seed" : 14957808497759182650,
                        "seed-combine" : true,
                        "seed-hash" : "VOpWNfYxmyOCuuXS",
                        "tick" : 0,
                        "type" : "reference"
                     }
                  }
               ],
               "count" : 1,
               "labels" : [
                  {
                     "label" : "rocky",
                     "weight" : {
                        "enabled" : true,
                        "value" : 0.5
                     }
                  },
                  {
                     "label" : "desert",
                     "weight" : {
                        "enabled" : true,
                        "value" : 0.5
                     }
                  },
                  {
                     "label" : "wasteland",
                     "weight" : {
                        "enabled" : true,
                        "value" : 0.5
                     }
                  },
                  {
                     "label" : "sea",
                     "weight" : {
                        "enabled" : true,
                        "value" : 0.5
                     }
                  },
                  {
                     "label" : "lake",
                     "weight" : {
                        "enabled" : true,
                        "value" : 0.5
                     }
                  }
               ],
               "seed" : 12966061174759714655,
               "seed-combine" : true,
               "seed-hash" : "1hBSqVnx0YRrHkBu",
               "type" : "select"
            },
            "links" : [
               {
                  "blockConstraint" : 2154850752,
                  "blockDefault" : "",
                  "checkDefault" : false,
                  "linkPath" : [
                     {
                        "index" : -1,
                        "name" : "biome"
                     },
                     {
                        "index" : -1,
                        "name" : "fun"
                     },
                     {
                        "index" : -1,
                        "name" : "count"
                     }
                  ],
                  "linkType" : "LT:CUSTOM_SLIDER",
                  "name" : "count",
                  "shortPath" : "Select Biome.count",
                  "sliderCheck" : false,
                  "sliderDefault" : 3,
                  "sliderMax" : 50,
                  "sliderMin" : 1,
                  "sliderStep" : 1
               }
            ]
         },
         "generator" : {
            "@version" : 6,
            "biomeSize" : 24,
            "lowerSea" : {
               "level" : 16,
               "liquidType" : "WATER"
            },
            "sea" : {
               "level" : 64,
               "liquidType" : "WATER"
            }
         },
         "seed" : "I has a seed!",
         "sharedConfig" : {
            "blockColors" : {
               "ASH_DEFAULT_BASE" : 1,
               "CRYSTAL_GLEAM_BASE" : 13,
               "FLORA_FLOWER_1" : 1,
               "FLORA_FLOWER_2" : 1,
               "FLORA_FLOWER_3" : 1,
               "FLORA_FLOWER_4" : 1,
               "GRASS_BARBED_BASE" : 8,
               "GRASS_GNARLED_BASE" : 7,
               "GRASS_VERDANT_BASE" : 9,
               "GRAVEL_DEFAULT_BASE" : 16,
               "GROWTH_DEFAULT_BASE" : 1,
               "ICE_DEFAULT_BASE" : 1,
               "ICE_GLACIER_BASE" : 1,
               "MOULD_DEFAULT_BASE" : 1,
               "MUD_DEFAULT_BASE" : 1,
               "ROCK_IGNEOUS_BASE" : 4,
               "ROCK_METAMORPHIC_BASE" : 5,
               "ROCK_SEDIMENTARY_BASE" : 6,
               "SAND_DEFAULT_BASE" : 16,
               "SOIL_CLAY_BASE" : 1,
               "SOIL_PEATY_BASE" : 3,
               "SOIL_SILTY_BASE" : 2,
               "SPONGE_DEFAULT_BASE" : 1,
               "TANGLE_DEFAULT_BASE" : 1,
               "THORNS_DEFAULT_BASE" : 1,
               "WOOD_ANCIENT_TRUNK" : 10,
               "WOOD_EXOTIC_LEAVES" : 15,
               "WOOD_LUSH_LEAVES" : 13,
               "WOOD_LUSTROUS_TRUNK" : 1,
               "WOOD_TWISTED_TRUNK" : 11,
               "WOOD_WAXY_LEAVES" : 14
            },
            "worldSize" : 288
         },
         "test" : {
            "@collapsed" : false,
            "@name" : "Reference Biome",
            "@position" : [ 8237, 8378 ],
            "seed" : 6830376010091413030,
            "seed-combine" : true,
            "seed-hash" : "TDg3keHWlh0Dz2n7",
            "type" : "reference"
         }
      },
      "links" : [],
      "reference" : "",
      "seed" : 6830376010091413030,
      "seed-combine" : true,
      "seed-hash" : "TDg3keHWlh0Dz2n7",
      "tick" : 0,
      "type" : "reference"
   }
}
