{
   "@collapsed" : false,
   "@configType" : "BIOME",
   "@name" : "hand_ocean",
   "@position" : [ 7635, 8144 ],
   "@scroll" : [ 8240.240234375, 8658.9013671875, -1 ],
   "@toggle-test" : false,
   "@toggle-world" : true,
   "@unlinked" : [],
   "@version" : 17,
   "biome" : {
      "fun" : {
         "@collapsed" : false,
         "@name" : "hand_ocean",
         "@position" : [ 8054, 8436 ],
         "altitude" : {
            "enabled" : true,
            "value" : 0.055000003427267075
         },
         "humidity" : {
            "enabled" : true,
            "value" : 0.84600001573562622
         },
         "labels" : [
            {
               "label" : "sea"
            },
            {
               "label" : "warm"
            },
            {
               "label" : "liquid"
            },
            {
               "label" : "tier_2"
            },
            {
               "label" : "gleam"
            }
         ],
         "nameStyle" : "Mare",
         "part" : {
            "@collapsed" : false,
            "@name" : "hand_ocean",
            "@position" : [ 8466, 8127 ],
            "@selector-open" : false,
            "@toggle-caves" : true,
            "@toggle-ccaves" : true,
            "@toggle-csurface" : true,
            "@toggle-cthreed" : true,
            "@toggle-data" : true,
            "@toggle-drop" : false,
            "@toggle-heightmap" : true,
            "@toggle-selector" : false,
            "@toggle-stage" : true,
            "@toggle-threed" : false,
            "@toggle-visualise" : true,
            "@x-name" : "x",
            "@y-name" : "y",
            "caveSurfaceShrink" : {
               "enabled" : true,
               "value" : 1
            },
            "caveThresholdBias" : {
               "enabled" : true,
               "value" : -1
            },
            "caves" : {
               "@collapsed" : false,
               "@name" : "Layered 3D",
               "@position" : [ 8919, 7748 ],
               "components" : [
                  {
                     "fun" : {
                        "@collapsed" : false,
                        "@name" : "tier_3_caves",
                        "@position" : [ 9245, 7629 ],
                        "frequency" : [ 1, 1 ],
                        "links" : [],
                        "reference" : "noise3d/caves/release/tier_3_caves.json",
                        "seed" : 7113544157971207700,
                        "seed-combine" : false,
                        "seed-hash" : "YR2IfbD8yxr5OPeh",
                        "tick" : 0,
                        "type" : "reference"
                     },
                     "noiseMaxY" : 256,
                     "y" : 0,
                     "yfun" : {
                        "@collapsed" : false,
                        "@name" : "Sum 2D",
                        "@position" : [ 9255, 7777 ],
                        "frequency" : 1,
                        "seed" : 0,
                        "seed-combine" : true,
                        "seed-hash" : "",
                        "terms" : [
                           {
                              "fun" : {
                                 "@collapsed" : false,
                                 "@name" : "Sum 2D",
                                 "@position" : [ 9597, 7717 ],
                                 "frequency" : 1,
                                 "seed" : 0,
                                 "seed-combine" : true,
                                 "seed-hash" : "",
                                 "terms" : [
                                    {
                                       "fun" : {
                                          "@collapsed" : false,
                                          "@name" : "Sea Base",
                                          "@position" : [ 9888, 7741 ],
                                          "frequency" : 1,
                                          "links" : [],
                                          "reference" : "noise2d/heightmaps/seabase.json",
                                          "seed" : 5003575536529622373,
                                          "seed-combine" : true,
                                          "seed-hash" : "WVH6qhneuJ0F3MEl",
                                          "tick" : 0,
                                          "type" : "reference"
                                       },
                                       "multiplier" : 1,
                                       "power" : 1
                                    },
                                    {
                                       "fun" : {
                                          "@collapsed" : false,
                                          "@name" : "Constant 2D",
                                          "@position" : [ 9888, 7847 ],
                                          "frequency" : 1,
                                          "type" : "constant",
                                          "value" : -0.2800000011920929
                                       },
                                       "multiplier" : 1,
                                       "power" : 1
                                    }
                                 ],
                                 "type" : "sum"
                              },
                              "multiplier" : 1,
                              "power" : 1
                           },
                           {
                              "fun" : {
                                 "@collapsed" : false,
                                 "@name" : "Constant 2D",
                                 "@position" : [ 9588, 8040 ],
                                 "frequency" : 1,
                                 "type" : "constant",
                                 "value" : -0.13000001013278961
                              },
                              "multiplier" : 1,
                              "power" : 1
                           }
                        ],
                        "type" : "sum"
                     }
                  },
                  {
                     "fun" : {
                        "@collapsed" : false,
                        "@name" : "Constant 3D",
                        "@position" : [ 9251, 8100 ],
                        "frequency" : [ 1, 1 ],
                        "type" : "constant",
                        "value" : -1
                     },
                     "noiseMaxY" : 0,
                     "y" : 256,
                     "yfun" : null
                  }
               ],
               "frequency" : [ 1, 1 ],
               "seed" : 0,
               "seed-combine" : true,
               "seed-hash" : "",
               "type" : "layered"
            },
            "caves_decorations" : null,
            "caves_substrate" : {
               "@collapsed" : false,
               "@name" : "tier_2_caves",
               "@position" : [ 8895, 8942 ],
               "links" : [],
               "reference" : "substrate/caves/tier_2_caves.json",
               "seed" : 15408175334311480782,
               "seed-combine" : true,
               "seed-hash" : "pmkJTYGjQmGVz8B8",
               "tick" : 0,
               "type" : "reference"
            },
            "distortion" : null,
            "distortionStrength" : {
               "enabled" : false,
               "value" : 0
            },
            "drop" : null,
            "dropMaxDepth" : {
               "enabled" : false,
               "value" : 14
            },
            "dropMaxGradient" : {
               "enabled" : false,
               "value" : 2.3499999046325684
            },
            "dropMaxNoGravel" : {
               "enabled" : false,
               "value" : 6
            },
            "heightmap" : {
               "@collapsed" : false,
               "@name" : "Sum 2D",
               "@position" : [ 8937, 7351 ],
               "frequency" : 1,
               "seed" : 0,
               "seed-combine" : true,
               "seed-hash" : "",
               "terms" : [
                  {
                     "fun" : {
                        "@collapsed" : false,
                        "@name" : "Sea Base",
                        "@position" : [ 9228, 7375 ],
                        "frequency" : 1,
                        "links" : [],
                        "reference" : "noise2d/heightmaps/seabase.json",
                        "seed" : 5003575536529622373,
                        "seed-combine" : true,
                        "seed-hash" : "WVH6qhneuJ0F3MEl",
                        "tick" : 0,
                        "type" : "reference"
                     },
                     "multiplier" : 1,
                     "power" : 1
                  },
                  {
                     "fun" : {
                        "@collapsed" : false,
                        "@name" : "Constant 2D",
                        "@position" : [ 9228, 7481 ],
                        "frequency" : 1,
                        "type" : "constant",
                        "value" : -0.27100002765655518
                     },
                     "multiplier" : 1,
                     "power" : 1
                  }
               ],
               "type" : "sum"
            },
            "heightmapBlockType" : "ROCK_METAMORPHIC_BASE",
            "heightmapMaxY" : {
               "enabled" : false,
               "value" : 256
            },
            "heightmapMinY" : {
               "enabled" : false,
               "value" : 0
            },
            "parts" : [],
            "seed" : 0,
            "seed-combine" : true,
            "seed-hash" : "",
            "shrink" : null,
            "strata" : {
               "@collapsed" : false,
               "@name" : "Join Strata",
               "@position" : [ 8914, 8282 ],
               "components" : [
                  {
                     "fun" : {
                        "@collapsed" : false,
                        "@name" : "Fill1",
                        "@position" : [ 9218, 8239 ],
                        "links" : [],
                        "reference" : "strata/fill1.json",
                        "seed" : 0,
                        "seed-combine" : true,
                        "seed-hash" : "",
                        "tick" : 0,
                        "type" : "reference"
                     },
                     "w" : 0.5
                  },
                  {
                     "fun" : {
                        "@collapsed" : false,
                        "@name" : "Fill2",
                        "@position" : [ 9218, 8322 ],
                        "links" : [],
                        "reference" : "strata/fill2.json",
                        "seed" : 0,
                        "seed-combine" : true,
                        "seed-hash" : "",
                        "tick" : 0,
                        "type" : "reference"
                     },
                     "w" : 0.5
                  },
                  {
                     "fun" : {
                        "@collapsed" : false,
                        "@name" : "Fill3",
                        "@position" : [ 9218, 8405 ],
                        "links" : [],
                        "reference" : "strata/fill3.json",
                        "seed" : 0,
                        "seed-combine" : true,
                        "seed-hash" : "",
                        "tick" : 0,
                        "type" : "reference"
                     },
                     "w" : 0.5
                  },
                  {
                     "fun" : {
                        "@collapsed" : false,
                        "@name" : "Fill4",
                        "@position" : [ 9218, 8488 ],
                        "links" : [],
                        "reference" : "strata/fill4.json",
                        "seed" : 0,
                        "seed-combine" : true,
                        "seed-hash" : "",
                        "tick" : 0,
                        "type" : "reference"
                     },
                     "w" : 0.5
                  },
                  {
                     "fun" : {
                        "@collapsed" : false,
                        "@name" : "Fill5",
                        "@position" : [ 9218, 8571 ],
                        "links" : [],
                        "reference" : "strata/fill5.json",
                        "seed" : 0,
                        "seed-combine" : true,
                        "seed-hash" : "",
                        "tick" : 0,
                        "type" : "reference"
                     },
                     "w" : 0.5
                  }
               ],
               "count" : 5,
               "seed" : 0,
               "seed-combine" : true,
               "seed-hash" : "",
               "type" : "join"
            },
            "surface_decorations" : {
               "@collapsed" : false,
               "@name" : "Standard Decorations",
               "@position" : [ 8910, 8827 ],
               "@toggle-ceiling" : false,
               "@toggle-floor" : true,
               "ceiling" : [],
               "floor" : [
                  {
                     "clearance" : 8,
                     "constraintType" : [ "ROCK_IGNEOUS_BASE" ],
                     "density" : -0.98999994993209839,
                     "depth" : 8,
                     "instance" : {
                        "@collapsed" : false,
                        "@name" : "hand_totum_b",
                        "@position" : [ 9240, 8891 ],
                        "links" : [],
                        "reference" : "instances/remanants/remanant_objects/hand_totem_b.json",
                        "seed" : 0,
                        "seed-combine" : true,
                        "seed-hash" : "",
                        "tick" : 1,
                        "type" : "reference"
                     },
                     "maxGradient" : 5,
                     "maxSize" : 1,
                     "maxY" : 256,
                     "minGradient" : 0,
                     "minSize" : 0,
                     "minY" : 0,
                     "noise" : {
                        "@collapsed" : false,
                        "@name" : "Constant 2D",
                        "@position" : [ 9240, 9080 ],
                        "frequency" : 1,
                        "type" : "constant",
                        "value" : -1
                     },
                     "placementType" : "FLORA_FLOWER_1",
                     "sizeNoise" : {
                        "@collapsed" : false,
                        "@name" : "Perlin 2D",
                        "@position" : [ 9240, 8974 ],
                        "frequency" : 2,
                        "seed" : 4228100142396134884,
                        "seed-combine" : true,
                        "seed-hash" : "r0hFceBwOPA7XNDk",
                        "type" : "perlin"
                     },
                     "smooth" : false,
                     "threshold" : 0
                  },
                  {
                     "clearance" : 8,
                     "constraintType" : [ "ROCK_IGNEOUS_BASE", "SAND_DEFAULT_BASE" ],
                     "density" : 1,
                     "depth" : 8,
                     "instance" : {
                        "@collapsed" : false,
                        "@name" : "seaweed",
                        "@position" : [ 9240, 9186 ],
                        "links" : [],
                        "reference" : "instances/ocean/seaweed.json",
                        "seed" : 0,
                        "seed-combine" : true,
                        "seed-hash" : "",
                        "tick" : 0,
                        "type" : "reference"
                     },
                     "maxGradient" : 5,
                     "maxSize" : 1,
                     "maxY" : 256,
                     "minGradient" : 0,
                     "minSize" : 0,
                     "minY" : 0,
                     "noise" : {
                        "@collapsed" : false,
                        "@name" : "Remap 2D",
                        "@position" : [ 9240, 9420 ],
                        "clamp" : true,
                        "clampPower" : 10,
                        "frequency" : 1,
                        "fun" : {
                           "@collapsed" : false,
                           "@name" : "Sum 2D",
                           "@position" : [ 9536, 9375 ],
                           "frequency" : 1,
                           "seed" : 0,
                           "seed-combine" : true,
                           "seed-hash" : "",
                           "terms" : [
                              {
                                 "fun" : {
                                    "@collapsed" : false,
                                    "@name" : "Ditches",
                                    "@position" : [ 9830, 9388 ],
                                    "frequency" : 1,
                                    "links" : [
                                       {
                                          "linkPath" : [
                                             {
                                                "index" : -1,
                                                "name" : "noise2d"
                                             },
                                             {
                                                "index" : -1,
                                                "name" : "fun"
                                             },
                                             {
                                                "index" : -1,
                                                "name" : "terms"
                                             },
                                             {
                                                "index" : 0,
                                                "name" : ""
                                             },
                                             {
                                                "index" : -1,
                                                "name" : "fun"
                                             },
                                             {
                                                "index" : -1,
                                                "name" : "min"
                                             }
                                          ],
                                          "linkType" : "LT:CUSTOM_SLIDER",
                                          "sliderValue" : -2
                                       },
                                       {
                                          "linkPath" : [
                                             {
                                                "index" : -1,
                                                "name" : "noise2d"
                                             },
                                             {
                                                "index" : -1,
                                                "name" : "fun"
                                             },
                                             {
                                                "index" : -1,
                                                "name" : "terms"
                                             },
                                             {
                                                "index" : 0,
                                                "name" : ""
                                             },
                                             {
                                                "index" : -1,
                                                "name" : "fun"
                                             },
                                             {
                                                "index" : -1,
                                                "name" : "fun"
                                             },
                                             {
                                                "index" : -1,
                                                "name" : "fun"
                                             },
                                             {
                                                "index" : -1,
                                                "name" : "base"
                                             },
                                             {
                                                "index" : -1,
                                                "name" : "cellScale"
                                             }
                                          ],
                                          "linkType" : "LT:CUSTOM_SLIDER",
                                          "sliderValue" : 2.3799998760223389
                                       },
                                       {
                                          "linkPath" : [
                                             {
                                                "index" : -1,
                                                "name" : "noise2d"
                                             },
                                             {
                                                "index" : -1,
                                                "name" : "fun"
                                             },
                                             {
                                                "index" : -1,
                                                "name" : "terms"
                                             },
                                             {
                                                "index" : 0,
                                                "name" : ""
                                             },
                                             {
                                                "index" : -1,
                                                "name" : "fun"
                                             },
                                             {
                                                "index" : -1,
                                                "name" : "fun"
                                             },
                                             {
                                                "index" : -1,
                                                "name" : "fun"
                                             },
                                             {
                                                "index" : -1,
                                                "name" : "distortion"
                                             },
                                             {
                                                "index" : -1,
                                                "name" : "frequency"
                                             },
                                             {
                                                "index" : -1,
                                                "name" : "@xz"
                                             }
                                          ],
                                          "linkType" : "LT:CUSTOM_SLIDER",
                                          "sliderValue" : 0.5480000376701355
                                       }
                                    ],
                                    "reference" : "noise2d/heightmaps/ditches.json",
                                    "seed" : 16626699102396621636,
                                    "seed-combine" : true,
                                    "seed-hash" : "EY0Xa8LENY6TWkXX",
                                    "tick" : 0,
                                    "type" : "reference"
                                 },
                                 "multiplier" : 1,
                                 "power" : 1
                              },
                              {
                                 "fun" : {
                                    "@collapsed" : false,
                                    "@name" : "Constant 2D",
                                    "@position" : [ 9830, 9563 ],
                                    "frequency" : 1,
                                    "type" : "constant",
                                    "value" : 0.067000001668930054
                                 },
                                 "multiplier" : 1,
                                 "power" : 1
                              }
                           ],
                           "type" : "sum"
                        },
                        "max" : 2,
                        "min" : -2,
                        "seed" : 0,
                        "seed-combine" : true,
                        "seed-hash" : "",
                        "type" : "remap"
                     },
                     "placementType" : "FLORA_FLOWER_1",
                     "sizeNoise" : {
                        "@collapsed" : false,
                        "@name" : "Perlin 2D",
                        "@position" : [ 9240, 9269 ],
                        "frequency" : 2,
                        "seed" : 4228100142396134884,
                        "seed-combine" : true,
                        "seed-hash" : "r0hFceBwOPA7XNDk",
                        "type" : "perlin"
                     },
                     "smooth" : false,
                     "threshold" : 0
                  }
               ],
               "seed" : 0,
               "seed-combine" : true,
               "seed-hash" : "",
               "type" : "standard"
            },
            "surface_substrate" : {
               "@collapsed" : false,
               "@name" : "sea_bed",
               "@position" : [ 8909, 8643 ],
               "links" : [
                  {
                     "linkPath" : [
                        {
                           "index" : -1,
                           "name" : "substrate"
                        },
                        {
                           "index" : -1,
                           "name" : "fun"
                        },
                        {
                           "index" : -1,
                           "name" : "strates"
                        },
                        {
                           "index" : 0,
                           "name" : ""
                        },
                        {
                           "index" : -1,
                           "name" : "depthNoise"
                        },
                        {
                           "index" : -1,
                           "name" : "terms"
                        },
                        {
                           "index" : 2,
                           "name" : ""
                        },
                        {
                           "index" : -1,
                           "name" : "terms"
                        },
                        {
                           "index" : 0,
                           "name" : ""
                        },
                        {
                           "index" : -1,
                           "name" : "fun"
                        }
                     ],
                     "linkType" : "LT:NOISE_2D",
                     "nodeValue" : null
                  },
                  {
                     "linkPath" : [
                        {
                           "index" : -1,
                           "name" : "substrate"
                        },
                        {
                           "index" : -1,
                           "name" : "fun"
                        },
                        {
                           "index" : -1,
                           "name" : "strates"
                        },
                        {
                           "index" : 2,
                           "name" : ""
                        },
                        {
                           "index" : -1,
                           "name" : "depthNoise"
                        },
                        {
                           "index" : -1,
                           "name" : "terms"
                        },
                        {
                           "index" : 1,
                           "name" : ""
                        },
                        {
                           "index" : -1,
                           "name" : "terms"
                        },
                        {
                           "index" : 0,
                           "name" : ""
                        },
                        {
                           "index" : -1,
                           "name" : "fun"
                        }
                     ],
                     "linkType" : "LT:NOISE_2D",
                     "nodeValue" : null
                  },
                  {
                     "linkPath" : [
                        {
                           "index" : -1,
                           "name" : "substrate"
                        },
                        {
                           "index" : -1,
                           "name" : "fun"
                        },
                        {
                           "index" : -1,
                           "name" : "strates"
                        },
                        {
                           "index" : 1,
                           "name" : ""
                        },
                        {
                           "index" : -1,
                           "name" : "depthNoise"
                        },
                        {
                           "index" : -1,
                           "name" : "terms"
                        },
                        {
                           "index" : 2,
                           "name" : ""
                        },
                        {
                           "index" : -1,
                           "name" : "terms"
                        },
                        {
                           "index" : 0,
                           "name" : ""
                        },
                        {
                           "index" : -1,
                           "name" : "fun"
                        }
                     ],
                     "linkType" : "LT:NOISE_2D",
                     "nodeValue" : null
                  },
                  {
                     "linkPath" : [
                        {
                           "index" : -1,
                           "name" : "substrate"
                        },
                        {
                           "index" : -1,
                           "name" : "fun"
                        },
                        {
                           "index" : -1,
                           "name" : "strates"
                        },
                        {
                           "index" : 3,
                           "name" : ""
                        },
                        {
                           "index" : -1,
                           "name" : "depthNoise"
                        },
                        {
                           "index" : -1,
                           "name" : "terms"
                        },
                        {
                           "index" : 1,
                           "name" : ""
                        },
                        {
                           "index" : -1,
                           "name" : "terms"
                        },
                        {
                           "index" : 0,
                           "name" : ""
                        },
                        {
                           "index" : -1,
                           "name" : "fun"
                        }
                     ],
                     "linkType" : "LT:NOISE_2D",
                     "nodeValue" : null
                  }
               ],
               "reference" : "substrate/sea_bed.json",
               "seed" : 0,
               "seed-combine" : true,
               "seed-hash" : "",
               "tick" : 0,
               "type" : "reference"
            },
            "threeD" : null,
            "threeDMaxY" : {
               "enabled" : false,
               "value" : 256
            },
            "threeDMinY" : {
               "enabled" : false,
               "value" : 0
            },
            "threeDSurfaceMaxY" : {
               "enabled" : false,
               "value" : 256
            },
            "threeDSurfaceMinY" : {
               "enabled" : false,
               "value" : 0
            },
            "threeDThresholdBias" : {
               "enabled" : false,
               "value" : -1
            },
            "threed_decorations" : null,
            "threed_substrate" : null,
            "type" : "standard",
            "x" : null,
            "y" : null
         },
         "seed" : 0,
         "seed-combine" : false,
         "seed-hash" : "",
         "temperature" : {
            "enabled" : true,
            "value" : 0.53100001811981201
         },
         "type" : "standard",
         "vegetation" : {
            "enabled" : true,
            "value" : 0.22400000691413879
         },
         "weight" : 0.5
      },
      "links" : [
         {
            "blockConstraint" : 254420624,
            "blockDefault" : "",
            "checkDefault" : true,
            "linkPath" : [
               {
                  "index" : -1,
                  "name" : "biome"
               },
               {
                  "index" : -1,
                  "name" : "fun"
               },
               {
                  "index" : -1,
                  "name" : "weight"
               }
            ],
            "linkType" : "LT:CUSTOM_SLIDER",
            "name" : "Biome Weight",
            "shortPath" : "hand_ocean.weight",
            "sliderCheck" : false,
            "sliderDefault" : 0.60000002384185791,
            "sliderMax" : 1,
            "sliderMin" : 0,
            "sliderStep" : 0.0010000000474974513
         }
      ]
   },
   "generator" : {
      "@version" : 6,
      "biomeSize" : 24,
      "lowerSea" : {
         "level" : 16,
         "liquidType" : "WATER"
      },
      "sea" : {
         "level" : 64,
         "liquidType" : "WATER"
      }
   },
   "seed" : "I has a seed!",
   "seed-hash" : "",
   "sharedConfig" : {
      "blockColors" : {
         "ASH_DEFAULT_BASE" : 1,
         "CRYSTAL_GLEAM_BASE" : 13,
         "FLORA_FLOWER_1" : 1,
         "FLORA_FLOWER_2" : 1,
         "FLORA_FLOWER_3" : 1,
         "FLORA_FLOWER_4" : 1,
         "GRASS_BARBED_BASE" : 8,
         "GRASS_GNARLED_BASE" : 7,
         "GRASS_VERDANT_BASE" : 9,
         "GRAVEL_DEFAULT_BASE" : 16,
         "GROWTH_DEFAULT_BASE" : 1,
         "ICE_DEFAULT_BASE" : 1,
         "ICE_GLACIER_BASE" : 1,
         "MOULD_DEFAULT_BASE" : 1,
         "MUD_DEFAULT_BASE" : 1,
         "ROCK_IGNEOUS_BASE" : 4,
         "ROCK_METAMORPHIC_BASE" : 5,
         "ROCK_SEDIMENTARY_BASE" : 6,
         "SAND_DEFAULT_BASE" : 16,
         "SOIL_CLAY_BASE" : 1,
         "SOIL_PEATY_BASE" : 3,
         "SOIL_SILTY_BASE" : 2,
         "SPONGE_DEFAULT_BASE" : 1,
         "TANGLE_DEFAULT_BASE" : 1,
         "THORNS_DEFAULT_BASE" : 1,
         "WOOD_ANCIENT_TRUNK" : 10,
         "WOOD_EXOTIC_LEAVES" : 15,
         "WOOD_LUSH_LEAVES" : 13,
         "WOOD_LUSTROUS_TRUNK" : 1,
         "WOOD_TWISTED_TRUNK" : 11,
         "WOOD_WAXY_LEAVES" : 14
      },
      "seed-hash" : "",
      "worldSize" : 288
   },
   "test" : {
      "@collapsed" : false,
      "@name" : "Reference Biome",
      "@position" : [ 8051, 9558 ],
      "embedded" : {
         "@collapsed" : false,
         "@configType" : "BIOME",
         "@name" : "hand_ocean",
         "@position" : [ 7635, 8144 ],
         "@toggle-test" : false,
         "@toggle-world" : true,
         "@version" : 17,
         "biome" : {
            "fun" : {
               "@collapsed" : false,
               "@name" : "hand_ocean",
               "@position" : [ 8054, 8436 ],
               "altitude" : {
                  "enabled" : true,
                  "value" : 0.055000003427267075
               },
               "humidity" : {
                  "enabled" : true,
                  "value" : 0.84600001573562622
               },
               "labels" : [
                  {
                     "label" : "sea"
                  },
                  {
                     "label" : "warm"
                  },
                  {
                     "label" : "liquid"
                  },
                  {
                     "label" : "tier_2"
                  },
                  {
                     "label" : "gleam"
                  }
               ],
               "nameStyle" : "Mare",
               "part" : {
                  "@collapsed" : false,
                  "@name" : "hand_ocean",
                  "@position" : [ 8466, 8127 ],
                  "@selector-open" : false,
                  "@toggle-caves" : true,
                  "@toggle-ccaves" : true,
                  "@toggle-csurface" : true,
                  "@toggle-cthreed" : true,
                  "@toggle-data" : true,
                  "@toggle-drop" : false,
                  "@toggle-heightmap" : true,
                  "@toggle-selector" : false,
                  "@toggle-stage" : true,
                  "@toggle-threed" : false,
                  "@toggle-visualise" : true,
                  "@x-name" : "x",
                  "@y-name" : "y",
                  "caveSurfaceShrink" : {
                     "enabled" : true,
                     "value" : 1
                  },
                  "caveThresholdBias" : {
                     "enabled" : true,
                     "value" : -1
                  },
                  "caves" : {
                     "@collapsed" : false,
                     "@name" : "Layered 3D",
                     "@position" : [ 8919, 7748 ],
                     "components" : [
                        {
                           "fun" : {
                              "@collapsed" : false,
                              "@name" : "tier_3_caves",
                              "@position" : [ 9245, 7629 ],
                              "frequency" : [ 1, 1 ],
                              "links" : [],
                              "reference" : "noise3d/caves/release/tier_3_caves.json",
                              "seed" : 7113544157971207700,
                              "seed-combine" : false,
                              "seed-hash" : "YR2IfbD8yxr5OPeh",
                              "tick" : 0,
                              "type" : "reference"
                           },
                           "noiseMaxY" : 256,
                           "y" : 0,
                           "yfun" : {
                              "@collapsed" : false,
                              "@name" : "Sum 2D",
                              "@position" : [ 9255, 7777 ],
                              "frequency" : 1,
                              "seed" : 0,
                              "seed-combine" : true,
                              "seed-hash" : "",
                              "terms" : [
                                 {
                                    "fun" : {
                                       "@collapsed" : false,
                                       "@name" : "Sum 2D",
                                       "@position" : [ 9597, 7717 ],
                                       "frequency" : 1,
                                       "seed" : 0,
                                       "seed-combine" : true,
                                       "seed-hash" : "",
                                       "terms" : [
                                          {
                                             "fun" : {
                                                "@collapsed" : false,
                                                "@name" : "Sea Base",
                                                "@position" : [ 9888, 7741 ],
                                                "frequency" : 1,
                                                "links" : [],
                                                "reference" : "noise2d/heightmaps/seabase.json",
                                                "seed" : 5003575536529622373,
                                                "seed-combine" : true,
                                                "seed-hash" : "WVH6qhneuJ0F3MEl",
                                                "tick" : 0,
                                                "type" : "reference"
                                             },
                                             "multiplier" : 1,
                                             "power" : 1
                                          },
                                          {
                                             "fun" : {
                                                "@collapsed" : false,
                                                "@name" : "Constant 2D",
                                                "@position" : [ 9888, 7847 ],
                                                "frequency" : 1,
                                                "type" : "constant",
                                                "value" : -0.2800000011920929
                                             },
                                             "multiplier" : 1,
                                             "power" : 1
                                          }
                                       ],
                                       "type" : "sum"
                                    },
                                    "multiplier" : 1,
                                    "power" : 1
                                 },
                                 {
                                    "fun" : {
                                       "@collapsed" : false,
                                       "@name" : "Constant 2D",
                                       "@position" : [ 9588, 8040 ],
                                       "frequency" : 1,
                                       "type" : "constant",
                                       "value" : -0.13000001013278961
                                    },
                                    "multiplier" : 1,
                                    "power" : 1
                                 }
                              ],
                              "type" : "sum"
                           }
                        },
                        {
                           "fun" : {
                              "@collapsed" : false,
                              "@name" : "Constant 3D",
                              "@position" : [ 9251, 8100 ],
                              "frequency" : [ 1, 1 ],
                              "type" : "constant",
                              "value" : -1
                           },
                           "noiseMaxY" : 0,
                           "y" : 256,
                           "yfun" : null
                        }
                     ],
                     "frequency" : [ 1, 1 ],
                     "seed" : 0,
                     "seed-combine" : true,
                     "seed-hash" : "",
                     "type" : "layered"
                  },
                  "caves_decorations" : null,
                  "caves_substrate" : {
                     "@collapsed" : false,
                     "@name" : "tier_2_caves",
                     "@position" : [ 8895, 8942 ],
                     "links" : [],
                     "reference" : "substrate/caves/tier_2_caves.json",
                     "seed" : 15408175334311480782,
                     "seed-combine" : true,
                     "seed-hash" : "pmkJTYGjQmGVz8B8",
                     "tick" : 0,
                     "type" : "reference"
                  },
                  "distortion" : null,
                  "distortionStrength" : {
                     "enabled" : false,
                     "value" : 0
                  },
                  "drop" : null,
                  "dropMaxDepth" : {
                     "enabled" : false,
                     "value" : 14
                  },
                  "dropMaxGradient" : {
                     "enabled" : false,
                     "value" : 2.3499999046325684
                  },
                  "dropMaxNoGravel" : {
                     "enabled" : false,
                     "value" : 6
                  },
                  "heightmap" : {
                     "@collapsed" : false,
                     "@name" : "Sum 2D",
                     "@position" : [ 8937, 7351 ],
                     "frequency" : 1,
                     "seed" : 0,
                     "seed-combine" : true,
                     "seed-hash" : "",
                     "terms" : [
                        {
                           "fun" : {
                              "@collapsed" : false,
                              "@name" : "Sea Base",
                              "@position" : [ 9228, 7375 ],
                              "frequency" : 1,
                              "links" : [],
                              "reference" : "noise2d/heightmaps/seabase.json",
                              "seed" : 5003575536529622373,
                              "seed-combine" : true,
                              "seed-hash" : "WVH6qhneuJ0F3MEl",
                              "tick" : 0,
                              "type" : "reference"
                           },
                           "multiplier" : 1,
                           "power" : 1
                        },
                        {
                           "fun" : {
                              "@collapsed" : false,
                              "@name" : "Constant 2D",
                              "@position" : [ 9228, 7481 ],
                              "frequency" : 1,
                              "type" : "constant",
                              "value" : -0.27100002765655518
                           },
                           "multiplier" : 1,
                           "power" : 1
                        }
                     ],
                     "type" : "sum"
                  },
                  "heightmapBlockType" : "ROCK_METAMORPHIC_BASE",
                  "heightmapMaxY" : {
                     "enabled" : false,
                     "value" : 256
                  },
                  "heightmapMinY" : {
                     "enabled" : false,
                     "value" : 0
                  },
                  "parts" : [],
                  "seed" : 0,
                  "seed-combine" : true,
                  "seed-hash" : "",
                  "shrink" : null,
                  "strata" : {
                     "@collapsed" : false,
                     "@name" : "Join Strata",
                     "@position" : [ 8914, 8282 ],
                     "components" : [
                        {
                           "fun" : {
                              "@collapsed" : false,
                              "@name" : "Fill1",
                              "@position" : [ 9218, 8239 ],
                              "links" : [],
                              "reference" : "strata/fill1.json",
                              "seed" : 0,
                              "seed-combine" : true,
                              "seed-hash" : "",
                              "tick" : 0,
                              "type" : "reference"
                           },
                           "w" : 0.5
                        },
                        {
                           "fun" : {
                              "@collapsed" : false,
                              "@name" : "Fill2",
                              "@position" : [ 9218, 8322 ],
                              "links" : [],
                              "reference" : "strata/fill2.json",
                              "seed" : 0,
                              "seed-combine" : true,
                              "seed-hash" : "",
                              "tick" : 0,
                              "type" : "reference"
                           },
                           "w" : 0.5
                        },
                        {
                           "fun" : {
                              "@collapsed" : false,
                              "@name" : "Fill3",
                              "@position" : [ 9218, 8405 ],
                              "links" : [],
                              "reference" : "strata/fill3.json",
                              "seed" : 0,
                              "seed-combine" : true,
                              "seed-hash" : "",
                              "tick" : 0,
                              "type" : "reference"
                           },
                           "w" : 0.5
                        },
                        {
                           "fun" : {
                              "@collapsed" : false,
                              "@name" : "Fill4",
                              "@position" : [ 9218, 8488 ],
                              "links" : [],
                              "reference" : "strata/fill4.json",
                              "seed" : 0,
                              "seed-combine" : true,
                              "seed-hash" : "",
                              "tick" : 0,
                              "type" : "reference"
                           },
                           "w" : 0.5
                        },
                        {
                           "fun" : {
                              "@collapsed" : false,
                              "@name" : "Fill5",
                              "@position" : [ 9218, 8571 ],
                              "links" : [],
                              "reference" : "strata/fill5.json",
                              "seed" : 0,
                              "seed-combine" : true,
                              "seed-hash" : "",
                              "tick" : 0,
                              "type" : "reference"
                           },
                           "w" : 0.5
                        }
                     ],
                     "count" : 5,
                     "seed" : 0,
                     "seed-combine" : true,
                     "seed-hash" : "",
                     "type" : "join"
                  },
                  "surface_decorations" : {
                     "@collapsed" : false,
                     "@name" : "Standard Decorations",
                     "@position" : [ 8910, 8827 ],
                     "@toggle-ceiling" : false,
                     "@toggle-floor" : true,
                     "ceiling" : [],
                     "floor" : [
                        {
                           "clearance" : 8,
                           "constraintType" : [ "ROCK_IGNEOUS_BASE" ],
                           "density" : -0.98999994993209839,
                           "depth" : 8,
                           "instance" : {
                              "@collapsed" : false,
                              "@name" : "hand_totum_b",
                              "@position" : [ 9240, 8891 ],
                              "links" : [],
                              "reference" : "instances/remanants/remanant_objects/hand_totem_b.json",
                              "seed" : 0,
                              "seed-combine" : true,
                              "seed-hash" : "",
                              "tick" : 1,
                              "type" : "reference"
                           },
                           "maxGradient" : 5,
                           "maxSize" : 1,
                           "maxY" : 256,
                           "minGradient" : 0,
                           "minSize" : 0,
                           "minY" : 0,
                           "noise" : {
                              "@collapsed" : false,
                              "@name" : "Constant 2D",
                              "@position" : [ 9240, 9080 ],
                              "frequency" : 1,
                              "type" : "constant",
                              "value" : -1
                           },
                           "placementType" : "FLORA_FLOWER_1",
                           "sizeNoise" : {
                              "@collapsed" : false,
                              "@name" : "Perlin 2D",
                              "@position" : [ 9240, 8974 ],
                              "frequency" : 2,
                              "seed" : 4228100142396134884,
                              "seed-combine" : true,
                              "seed-hash" : "r0hFceBwOPA7XNDk",
                              "type" : "perlin"
                           },
                           "smooth" : false,
                           "threshold" : 0
                        },
                        {
                           "clearance" : 8,
                           "constraintType" : [ "ROCK_IGNEOUS_BASE", "SAND_DEFAULT_BASE" ],
                           "density" : 1,
                           "depth" : 8,
                           "instance" : {
                              "@collapsed" : false,
                              "@name" : "seaweed",
                              "@position" : [ 9240, 9186 ],
                              "links" : [],
                              "reference" : "instances/ocean/seaweed.json",
                              "seed" : 0,
                              "seed-combine" : true,
                              "seed-hash" : "",
                              "tick" : 0,
                              "type" : "reference"
                           },
                           "maxGradient" : 5,
                           "maxSize" : 1,
                           "maxY" : 256,
                           "minGradient" : 0,
                           "minSize" : 0,
                           "minY" : 0,
                           "noise" : {
                              "@collapsed" : false,
                              "@name" : "Remap 2D",
                              "@position" : [ 9240, 9420 ],
                              "clamp" : true,
                              "clampPower" : 10,
                              "frequency" : 1,
                              "fun" : {
                                 "@collapsed" : false,
                                 "@name" : "Sum 2D",
                                 "@position" : [ 9536, 9375 ],
                                 "frequency" : 1,
                                 "seed" : 0,
                                 "seed-combine" : true,
                                 "seed-hash" : "",
                                 "terms" : [
                                    {
                                       "fun" : {
                                          "@collapsed" : false,
                                          "@name" : "Ditches",
                                          "@position" : [ 9830, 9388 ],
                                          "frequency" : 1,
                                          "links" : [
                                             {
                                                "linkPath" : [
                                                   {
                                                      "index" : -1,
                                                      "name" : "noise2d"
                                                   },
                                                   {
                                                      "index" : -1,
                                                      "name" : "fun"
                                                   },
                                                   {
                                                      "index" : -1,
                                                      "name" : "terms"
                                                   },
                                                   {
                                                      "index" : 0,
                                                      "name" : ""
                                                   },
                                                   {
                                                      "index" : -1,
                                                      "name" : "fun"
                                                   },
                                                   {
                                                      "index" : -1,
                                                      "name" : "min"
                                                   }
                                                ],
                                                "linkType" : "LT:CUSTOM_SLIDER",
                                                "sliderValue" : -2
                                             },
                                             {
                                                "linkPath" : [
                                                   {
                                                      "index" : -1,
                                                      "name" : "noise2d"
                                                   },
                                                   {
                                                      "index" : -1,
                                                      "name" : "fun"
                                                   },
                                                   {
                                                      "index" : -1,
                                                      "name" : "terms"
                                                   },
                                                   {
                                                      "index" : 0,
                                                      "name" : ""
                                                   },
                                                   {
                                                      "index" : -1,
                                                      "name" : "fun"
                                                   },
                                                   {
                                                      "index" : -1,
                                                      "name" : "fun"
                                                   },
                                                   {
                                                      "index" : -1,
                                                      "name" : "fun"
                                                   },
                                                   {
                                                      "index" : -1,
                                                      "name" : "base"
                                                   },
                                                   {
                                                      "index" : -1,
                                                      "name" : "cellScale"
                                                   }
                                                ],
                                                "linkType" : "LT:CUSTOM_SLIDER",
                                                "sliderValue" : 2.3799998760223389
                                             },
                                             {
                                                "linkPath" : [
                                                   {
                                                      "index" : -1,
                                                      "name" : "noise2d"
                                                   },
                                                   {
                                                      "index" : -1,
                                                      "name" : "fun"
                                                   },
                                                   {
                                                      "index" : -1,
                                                      "name" : "terms"
                                                   },
                                                   {
                                                      "index" : 0,
                                                      "name" : ""
                                                   },
                                                   {
                                                      "index" : -1,
                                                      "name" : "fun"
                                                   },
                                                   {
                                                      "index" : -1,
                                                      "name" : "fun"
                                                   },
                                                   {
                                                      "index" : -1,
                                                      "name" : "fun"
                                                   },
                                                   {
                                                      "index" : -1,
                                                      "name" : "distortion"
                                                   },
                                                   {
                                                      "index" : -1,
                                                      "name" : "frequency"
                                                   },
                                                   {
                                                      "index" : -1,
                                                      "name" : "@xz"
                                                   }
                                                ],
                                                "linkType" : "LT:CUSTOM_SLIDER",
                                                "sliderValue" : 0.5480000376701355
                                             }
                                          ],
                                          "reference" : "noise2d/heightmaps/ditches.json",
                                          "seed" : 16626699102396621636,
                                          "seed-combine" : true,
                                          "seed-hash" : "EY0Xa8LENY6TWkXX",
                                          "tick" : 0,
                                          "type" : "reference"
                                       },
                                       "multiplier" : 1,
                                       "power" : 1
                                    },
                                    {
                                       "fun" : {
                                          "@collapsed" : false,
                                          "@name" : "Constant 2D",
                                          "@position" : [ 9830, 9563 ],
                                          "frequency" : 1,
                                          "type" : "constant",
                                          "value" : 0.067000001668930054
                                       },
                                       "multiplier" : 1,
                                       "power" : 1
                                    }
                                 ],
                                 "type" : "sum"
                              },
                              "max" : 2,
                              "min" : -2,
                              "seed" : 0,
                              "seed-combine" : true,
                              "seed-hash" : "",
                              "type" : "remap"
                           },
                           "placementType" : "FLORA_FLOWER_1",
                           "sizeNoise" : {
                              "@collapsed" : false,
                              "@name" : "Perlin 2D",
                              "@position" : [ 9240, 9269 ],
                              "frequency" : 2,
                              "seed" : 4228100142396134884,
                              "seed-combine" : true,
                              "seed-hash" : "r0hFceBwOPA7XNDk",
                              "type" : "perlin"
                           },
                           "smooth" : false,
                           "threshold" : 0
                        }
                     ],
                     "seed" : 0,
                     "seed-combine" : true,
                     "seed-hash" : "",
                     "type" : "standard"
                  },
                  "surface_substrate" : {
                     "@collapsed" : false,
                     "@name" : "sea_bed",
                     "@position" : [ 8909, 8643 ],
                     "links" : [
                        {
                           "linkPath" : [
                              {
                                 "index" : -1,
                                 "name" : "substrate"
                              },
                              {
                                 "index" : -1,
                                 "name" : "fun"
                              },
                              {
                                 "index" : -1,
                                 "name" : "strates"
                              },
                              {
                                 "index" : 0,
                                 "name" : ""
                              },
                              {
                                 "index" : -1,
                                 "name" : "depthNoise"
                              },
                              {
                                 "index" : -1,
                                 "name" : "terms"
                              },
                              {
                                 "index" : 2,
                                 "name" : ""
                              },
                              {
                                 "index" : -1,
                                 "name" : "terms"
                              },
                              {
                                 "index" : 0,
                                 "name" : ""
                              },
                              {
                                 "index" : -1,
                                 "name" : "fun"
                              }
                           ],
                           "linkType" : "LT:NOISE_2D",
                           "nodeValue" : null
                        },
                        {
                           "linkPath" : [
                              {
                                 "index" : -1,
                                 "name" : "substrate"
                              },
                              {
                                 "index" : -1,
                                 "name" : "fun"
                              },
                              {
                                 "index" : -1,
                                 "name" : "strates"
                              },
                              {
                                 "index" : 2,
                                 "name" : ""
                              },
                              {
                                 "index" : -1,
                                 "name" : "depthNoise"
                              },
                              {
                                 "index" : -1,
                                 "name" : "terms"
                              },
                              {
                                 "index" : 1,
                                 "name" : ""
                              },
                              {
                                 "index" : -1,
                                 "name" : "terms"
                              },
                              {
                                 "index" : 0,
                                 "name" : ""
                              },
                              {
                                 "index" : -1,
                                 "name" : "fun"
                              }
                           ],
                           "linkType" : "LT:NOISE_2D",
                           "nodeValue" : null
                        },
                        {
                           "linkPath" : [
                              {
                                 "index" : -1,
                                 "name" : "substrate"
                              },
                              {
                                 "index" : -1,
                                 "name" : "fun"
                              },
                              {
                                 "index" : -1,
                                 "name" : "strates"
                              },
                              {
                                 "index" : 1,
                                 "name" : ""
                              },
                              {
                                 "index" : -1,
                                 "name" : "depthNoise"
                              },
                              {
                                 "index" : -1,
                                 "name" : "terms"
                              },
                              {
                                 "index" : 2,
                                 "name" : ""
                              },
                              {
                                 "index" : -1,
                                 "name" : "terms"
                              },
                              {
                                 "index" : 0,
                                 "name" : ""
                              },
                              {
                                 "index" : -1,
                                 "name" : "fun"
                              }
                           ],
                           "linkType" : "LT:NOISE_2D",
                           "nodeValue" : null
                        },
                        {
                           "linkPath" : [
                              {
                                 "index" : -1,
                                 "name" : "substrate"
                              },
                              {
                                 "index" : -1,
                                 "name" : "fun"
                              },
                              {
                                 "index" : -1,
                                 "name" : "strates"
                              },
                              {
                                 "index" : 3,
                                 "name" : ""
                              },
                              {
                                 "index" : -1,
                                 "name" : "depthNoise"
                              },
                              {
                                 "index" : -1,
                                 "name" : "terms"
                              },
                              {
                                 "index" : 1,
                                 "name" : ""
                              },
                              {
                                 "index" : -1,
                                 "name" : "terms"
                              },
                              {
                                 "index" : 0,
                                 "name" : ""
                              },
                              {
                                 "index" : -1,
                                 "name" : "fun"
                              }
                           ],
                           "linkType" : "LT:NOISE_2D",
                           "nodeValue" : null
                        }
                     ],
                     "reference" : "substrate/sea_bed.json",
                     "seed" : 0,
                     "seed-combine" : true,
                     "seed-hash" : "",
                     "tick" : 0,
                     "type" : "reference"
                  },
                  "threeD" : null,
                  "threeDMaxY" : {
                     "enabled" : false,
                     "value" : 256
                  },
                  "threeDMinY" : {
                     "enabled" : false,
                     "value" : 0
                  },
                  "threeDSurfaceMaxY" : {
                     "enabled" : false,
                     "value" : 256
                  },
                  "threeDSurfaceMinY" : {
                     "enabled" : false,
                     "value" : 0
                  },
                  "threeDThresholdBias" : {
                     "enabled" : false,
                     "value" : -1
                  },
                  "threed_decorations" : null,
                  "threed_substrate" : null,
                  "type" : "standard",
                  "x" : null,
                  "y" : null
               },
               "seed" : 0,
               "seed-combine" : false,
               "seed-hash" : "",
               "temperature" : {
                  "enabled" : true,
                  "value" : 0.53100001811981201
               },
               "type" : "standard",
               "vegetation" : {
                  "enabled" : true,
                  "value" : 0.22400000691413879
               },
               "weight" : 0.5
            },
            "links" : [
               {
                  "blockConstraint" : 254420624,
                  "blockDefault" : "",
                  "checkDefault" : true,
                  "linkPath" : [
                     {
                        "index" : -1,
                        "name" : "biome"
                     },
                     {
                        "index" : -1,
                        "name" : "fun"
                     },
                     {
                        "index" : -1,
                        "name" : "weight"
                     }
                  ],
                  "linkType" : "LT:CUSTOM_SLIDER",
                  "name" : "Biome Weight",
                  "shortPath" : "hand_ocean.weight",
                  "sliderCheck" : false,
                  "sliderDefault" : 0.60000002384185791,
                  "sliderMax" : 1,
                  "sliderMin" : 0,
                  "sliderStep" : 0.0010000000474974513
               }
            ]
         },
         "generator" : {
            "@version" : 6,
            "biomeSize" : 24,
            "lowerSea" : {
               "level" : 16,
               "liquidType" : "WATER"
            },
            "sea" : {
               "level" : 64,
               "liquidType" : "WATER"
            }
         },
         "seed" : "I has a seed!",
         "sharedConfig" : {
            "blockColors" : {
               "ASH_DEFAULT_BASE" : 1,
               "CRYSTAL_GLEAM_BASE" : 13,
               "FLORA_FLOWER_1" : 1,
               "FLORA_FLOWER_2" : 1,
               "FLORA_FLOWER_3" : 1,
               "FLORA_FLOWER_4" : 1,
               "GRASS_BARBED_BASE" : 8,
               "GRASS_GNARLED_BASE" : 7,
               "GRASS_VERDANT_BASE" : 9,
               "GRAVEL_DEFAULT_BASE" : 16,
               "GROWTH_DEFAULT_BASE" : 1,
               "ICE_DEFAULT_BASE" : 1,
               "ICE_GLACIER_BASE" : 1,
               "MOULD_DEFAULT_BASE" : 1,
               "MUD_DEFAULT_BASE" : 1,
               "ROCK_IGNEOUS_BASE" : 4,
               "ROCK_METAMORPHIC_BASE" : 5,
               "ROCK_SEDIMENTARY_BASE" : 6,
               "SAND_DEFAULT_BASE" : 16,
               "SOIL_CLAY_BASE" : 1,
               "SOIL_PEATY_BASE" : 3,
               "SOIL_SILTY_BASE" : 2,
               "SPONGE_DEFAULT_BASE" : 1,
               "TANGLE_DEFAULT_BASE" : 1,
               "THORNS_DEFAULT_BASE" : 1,
               "WOOD_ANCIENT_TRUNK" : 10,
               "WOOD_EXOTIC_LEAVES" : 15,
               "WOOD_LUSH_LEAVES" : 13,
               "WOOD_LUSTROUS_TRUNK" : 1,
               "WOOD_TWISTED_TRUNK" : 11,
               "WOOD_WAXY_LEAVES" : 14
            },
            "worldSize" : 288
         },
         "test" : {
            "@collapsed" : false,
            "@name" : "Reference Biome",
            "@position" : [ 8051, 9558 ],
            "seed" : 0,
            "seed-combine" : true,
            "seed-hash" : "",
            "type" : "reference"
         }
      },
      "links" : [],
      "reference" : "",
      "seed" : 0,
      "seed-combine" : true,
      "seed-hash" : "",
      "tick" : 0,
      "type" : "reference"
   }
}
