{
   "@collapsed" : false,
   "@configType" : "BIOME",
   "@name" : "shallow_sea",
   "@position" : [ 7612, 8108 ],
   "@scroll" : [ 8266.6845703125, 8692.3994140625, -0.75 ],
   "@toggle-test" : false,
   "@toggle-world" : true,
   "@unlinked" : [],
   "@version" : 17,
   "biome" : {
      "fun" : {
         "@collapsed" : false,
         "@name" : "shallow_sea",
         "@position" : [ 8055, 8411 ],
         "altitude" : {
            "enabled" : true,
            "value" : 0.17600001394748688
         },
         "humidity" : {
            "enabled" : true,
            "value" : 0.79000002145767212
         },
         "labels" : [
            {
               "label" : "tier_2"
            },
            {
               "label" : "sea"
            },
            {
               "label" : "cool"
            },
            {
               "label" : "gleam"
            },
            {
               "label" : "corruption"
            }
         ],
         "nameStyle" : "Maris",
         "part" : {
            "@collapsed" : false,
            "@name" : "shallow_sea",
            "@position" : [ 8494, 8102 ],
            "@selector-open" : false,
            "@toggle-caves" : true,
            "@toggle-ccaves" : true,
            "@toggle-csurface" : true,
            "@toggle-cthreed" : true,
            "@toggle-data" : true,
            "@toggle-drop" : false,
            "@toggle-heightmap" : true,
            "@toggle-selector" : false,
            "@toggle-stage" : true,
            "@toggle-threed" : false,
            "@toggle-visualise" : true,
            "@x-name" : "x",
            "@y-name" : "y",
            "caveSurfaceShrink" : {
               "enabled" : true,
               "value" : 1
            },
            "caveThresholdBias" : {
               "enabled" : true,
               "value" : -1
            },
            "caves" : {
               "@collapsed" : false,
               "@name" : "Layered 3D",
               "@position" : [ 8927, 7801 ],
               "components" : [
                  {
                     "fun" : {
                        "@collapsed" : false,
                        "@name" : "tier_1_caves",
                        "@position" : [ 9273, 7700 ],
                        "frequency" : [ 1, 1 ],
                        "links" : [],
                        "reference" : "noise3d/caves/release/tier_1_caves.json",
                        "seed" : 2840125855102216963,
                        "seed-combine" : false,
                        "seed-hash" : "6qIPujHIsn6speZx",
                        "tick" : 2,
                        "type" : "reference"
                     },
                     "noiseMaxY" : 256,
                     "y" : 0,
                     "yfun" : {
                        "@collapsed" : false,
                        "@name" : "Sum 2D",
                        "@position" : [ 9263, 7830 ],
                        "frequency" : 1,
                        "seed" : 0,
                        "seed-combine" : true,
                        "seed-hash" : "",
                        "terms" : [
                           {
                              "fun" : {
                                 "@collapsed" : false,
                                 "@name" : "Min 2D",
                                 "@position" : [ 9598, 7839 ],
                                 "frequency" : 1,
                                 "seed" : 0,
                                 "seed-combine" : true,
                                 "seed-hash" : "",
                                 "terms" : [
                                    {
                                       "@collapsed" : false,
                                       "@name" : "Sum 2D",
                                       "@position" : [ 9900, 7723 ],
                                       "frequency" : 1,
                                       "seed" : 0,
                                       "seed-combine" : true,
                                       "seed-hash" : "",
                                       "terms" : [
                                          {
                                             "fun" : {
                                                "@collapsed" : false,
                                                "@name" : "Sea Base",
                                                "@position" : [ 10191, 7747 ],
                                                "frequency" : 1,
                                                "links" : [],
                                                "reference" : "noise2d/heightmaps/seabase.json",
                                                "seed" : 5003575536529622373,
                                                "seed-combine" : true,
                                                "seed-hash" : "WVH6qhneuJ0F3MEl",
                                                "tick" : 0,
                                                "type" : "reference"
                                             },
                                             "multiplier" : 1,
                                             "power" : 1
                                          },
                                          {
                                             "fun" : {
                                                "@collapsed" : false,
                                                "@name" : "Constant 2D",
                                                "@position" : [ 10191, 7853 ],
                                                "frequency" : 1,
                                                "type" : "constant",
                                                "value" : -0.18000000715255737
                                             },
                                             "multiplier" : 1,
                                             "power" : 1
                                          }
                                       ],
                                       "type" : "sum"
                                    },
                                    {
                                       "@collapsed" : false,
                                       "@name" : "water_system_1",
                                       "@position" : [ 9902, 8025 ],
                                       "frequency" : 1,
                                       "links" : [],
                                       "reference" : "noise2d/watersystems/water_system_1.json",
                                       "seed" : 7577140515190446856,
                                       "seed-combine" : true,
                                       "seed-hash" : "vfKUd1LeyNQkxZRE",
                                       "tick" : 0,
                                       "type" : "reference"
                                    }
                                 ],
                                 "type" : "min"
                              },
                              "multiplier" : 1,
                              "power" : 1
                           },
                           {
                              "fun" : {
                                 "@collapsed" : false,
                                 "@name" : "Constant 2D",
                                 "@position" : [ 9600, 8033 ],
                                 "frequency" : 1,
                                 "type" : "constant",
                                 "value" : -0.13000001013278961
                              },
                              "multiplier" : 1,
                              "power" : 1
                           }
                        ],
                        "type" : "sum"
                     }
                  },
                  {
                     "fun" : {
                        "@collapsed" : false,
                        "@name" : "Constant 3D",
                        "@position" : [ 9259, 8153 ],
                        "frequency" : [ 1, 1 ],
                        "type" : "constant",
                        "value" : -1
                     },
                     "noiseMaxY" : 0,
                     "y" : 256,
                     "yfun" : null
                  }
               ],
               "frequency" : [ 1, 1 ],
               "seed" : 0,
               "seed-combine" : true,
               "seed-hash" : "",
               "type" : "layered"
            },
            "caves_decorations" : null,
            "caves_substrate" : {
               "@collapsed" : false,
               "@name" : "tier_1_caves",
               "@position" : [ 8892, 8944 ],
               "links" : [],
               "reference" : "substrate/caves/tier_1_caves.json",
               "seed" : 15408175334311480782,
               "seed-combine" : true,
               "seed-hash" : "pmkJTYGjQmGVz8B8",
               "tick" : 0,
               "type" : "reference"
            },
            "distortion" : null,
            "distortionStrength" : {
               "enabled" : false,
               "value" : 0
            },
            "drop" : null,
            "dropMaxDepth" : {
               "enabled" : true,
               "value" : 14
            },
            "dropMaxGradient" : {
               "enabled" : true,
               "value" : 2.3499999046325684
            },
            "dropMaxNoGravel" : {
               "enabled" : true,
               "value" : 6
            },
            "heightmap" : {
               "@collapsed" : false,
               "@name" : "Min 2D",
               "@position" : [ 8938, 7409 ],
               "frequency" : 1,
               "seed" : 0,
               "seed-combine" : true,
               "seed-hash" : "",
               "terms" : [
                  {
                     "@collapsed" : false,
                     "@name" : "Sum 2D",
                     "@position" : [ 9242, 7282 ],
                     "frequency" : 1,
                     "seed" : 0,
                     "seed-combine" : true,
                     "seed-hash" : "",
                     "terms" : [
                        {
                           "fun" : {
                              "@collapsed" : false,
                              "@name" : "Sea Base",
                              "@position" : [ 9533, 7306 ],
                              "frequency" : 1,
                              "links" : [],
                              "reference" : "noise2d/heightmaps/seabase.json",
                              "seed" : 5003575536529622373,
                              "seed-combine" : true,
                              "seed-hash" : "WVH6qhneuJ0F3MEl",
                              "tick" : 0,
                              "type" : "reference"
                           },
                           "multiplier" : 1,
                           "power" : 1
                        },
                        {
                           "fun" : {
                              "@collapsed" : false,
                              "@name" : "Constant 2D",
                              "@position" : [ 9533, 7412 ],
                              "frequency" : 1,
                              "type" : "constant",
                              "value" : -0.18000000715255737
                           },
                           "multiplier" : 1,
                           "power" : 1
                        }
                     ],
                     "type" : "sum"
                  },
                  {
                     "@collapsed" : false,
                     "@name" : "water_system_1",
                     "@position" : [ 9240, 7576 ],
                     "frequency" : 1,
                     "links" : [],
                     "reference" : "noise2d/watersystems/water_system_1.json",
                     "seed" : 7577140515190446856,
                     "seed-combine" : true,
                     "seed-hash" : "vfKUd1LeyNQkxZRE",
                     "tick" : 0,
                     "type" : "reference"
                  }
               ],
               "type" : "min"
            },
            "heightmapBlockType" : "ROCK_METAMORPHIC_BASE",
            "heightmapMaxY" : {
               "enabled" : false,
               "value" : 256
            },
            "heightmapMinY" : {
               "enabled" : false,
               "value" : 0
            },
            "parts" : [],
            "seed" : 0,
            "seed-combine" : true,
            "seed-hash" : "",
            "shrink" : null,
            "strata" : {
               "@collapsed" : false,
               "@name" : "Join Strata",
               "@position" : [ 8941, 8342 ],
               "components" : [
                  {
                     "fun" : {
                        "@collapsed" : false,
                        "@name" : "Fill1",
                        "@position" : [ 9245, 8299 ],
                        "links" : [],
                        "reference" : "strata/fill1.json",
                        "seed" : 0,
                        "seed-combine" : true,
                        "seed-hash" : "",
                        "tick" : 0,
                        "type" : "reference"
                     },
                     "w" : 0.5
                  },
                  {
                     "fun" : {
                        "@collapsed" : false,
                        "@name" : "Fill2",
                        "@position" : [ 9245, 8382 ],
                        "links" : [],
                        "reference" : "strata/fill2.json",
                        "seed" : 0,
                        "seed-combine" : true,
                        "seed-hash" : "",
                        "tick" : 0,
                        "type" : "reference"
                     },
                     "w" : 0.5
                  },
                  {
                     "fun" : {
                        "@collapsed" : false,
                        "@name" : "Fill3",
                        "@position" : [ 9245, 8465 ],
                        "links" : [],
                        "reference" : "strata/fill3.json",
                        "seed" : 0,
                        "seed-combine" : true,
                        "seed-hash" : "",
                        "tick" : 0,
                        "type" : "reference"
                     },
                     "w" : 0.5
                  },
                  {
                     "fun" : {
                        "@collapsed" : false,
                        "@name" : "Fill4",
                        "@position" : [ 9245, 8548 ],
                        "links" : [],
                        "reference" : "strata/fill4.json",
                        "seed" : 0,
                        "seed-combine" : true,
                        "seed-hash" : "",
                        "tick" : 0,
                        "type" : "reference"
                     },
                     "w" : 0.5
                  },
                  {
                     "fun" : {
                        "@collapsed" : false,
                        "@name" : "Fill5",
                        "@position" : [ 9245, 8631 ],
                        "links" : [],
                        "reference" : "strata/fill5.json",
                        "seed" : 0,
                        "seed-combine" : true,
                        "seed-hash" : "",
                        "tick" : 0,
                        "type" : "reference"
                     },
                     "w" : 0.5
                  }
               ],
               "count" : 5,
               "seed" : 0,
               "seed-combine" : true,
               "seed-hash" : "",
               "type" : "join"
            },
            "surface_decorations" : {
               "@collapsed" : false,
               "@name" : "Standard Decorations",
               "@position" : [ 8944, 8829 ],
               "@toggle-ceiling" : false,
               "@toggle-floor" : true,
               "ceiling" : [],
               "floor" : [
                  {
                     "clearance" : 8,
                     "constraintType" : [ "GRAVEL_DEFAULT_BASE", "SAND_DEFAULT_BASE", "SOIL_CLAY_BASE" ],
                     "density" : -0.98999994993209839,
                     "depth" : 8,
                     "instance" : {
                        "@collapsed" : false,
                        "@name" : "sea_shells",
                        "@position" : [ 9259, 9221 ],
                        "links" : [],
                        "reference" : "instances/ocean/sea_shells.json",
                        "seed" : 0,
                        "seed-combine" : true,
                        "seed-hash" : "",
                        "tick" : 0,
                        "type" : "reference"
                     },
                     "maxGradient" : 5,
                     "maxSize" : 1,
                     "maxY" : 256,
                     "minGradient" : 0,
                     "minSize" : 0,
                     "minY" : 0,
                     "noise" : {
                        "@collapsed" : false,
                        "@name" : "Constant 2D",
                        "@position" : [ 9259, 9281 ],
                        "frequency" : 1,
                        "type" : "constant",
                        "value" : -0.70900005102157593
                     },
                     "placementType" : "FLORA_FLOWER_1",
                     "sizeNoise" : null,
                     "smooth" : false,
                     "threshold" : 0
                  },
                  {
                     "clearance" : 8,
                     "constraintType" : [ "GRAVEL_DEFAULT_BASE", "SAND_DEFAULT_BASE", "SOIL_CLAY_BASE" ],
                     "density" : -0.59999996423721313,
                     "depth" : 8,
                     "instance" : {
                        "@collapsed" : false,
                        "@name" : "seaweed",
                        "@position" : [ 9259, 9410 ],
                        "links" : [],
                        "reference" : "instances/ocean/seaweed.json",
                        "seed" : 0,
                        "seed-combine" : true,
                        "seed-hash" : "",
                        "tick" : 0,
                        "type" : "reference"
                     },
                     "maxGradient" : 5,
                     "maxSize" : 1,
                     "maxY" : 56,
                     "minGradient" : 0,
                     "minSize" : 0,
                     "minY" : 0,
                     "noise" : null,
                     "placementType" : "FLORA_FLOWER_1",
                     "sizeNoise" : {
                        "@collapsed" : false,
                        "@name" : "Constant 2D",
                        "@position" : [ 9259, 9470 ],
                        "frequency" : 1,
                        "type" : "constant",
                        "value" : -0.70900005102157593
                     },
                     "smooth" : false,
                     "threshold" : 0
                  },
                  {
                     "clearance" : 8,
                     "constraintType" : [ "SAND_DEFAULT_BASE", "GRAVEL_DEFAULT_BASE", "SOIL_CLAY_BASE" ],
                     "density" : -0.55000001192092896,
                     "depth" : 8,
                     "instance" : {
                        "@collapsed" : false,
                        "@name" : "seaweed_particles",
                        "@position" : [ 9259, 9599 ],
                        "links" : [],
                        "reference" : "instances/ocean/seaweed_particles.json",
                        "seed" : 0,
                        "seed-combine" : true,
                        "seed-hash" : "",
                        "tick" : 0,
                        "type" : "reference"
                     },
                     "maxGradient" : 5,
                     "maxSize" : 1,
                     "maxY" : 55,
                     "minGradient" : 0,
                     "minSize" : 0,
                     "minY" : 0,
                     "noise" : {
                        "@collapsed" : false,
                        "@name" : "Constant 2D",
                        "@position" : [ 9259, 9659 ],
                        "frequency" : 1,
                        "type" : "constant",
                        "value" : -0.70900005102157593
                     },
                     "placementType" : "FLORA_FLOWER_1",
                     "sizeNoise" : null,
                     "smooth" : false,
                     "threshold" : 0
                  }
               ],
               "seed" : 0,
               "seed-combine" : true,
               "seed-hash" : "",
               "type" : "standard"
            },
            "surface_substrate" : {
               "@collapsed" : false,
               "@name" : "sea_bed",
               "@position" : [ 8943, 8668 ],
               "links" : [
                  {
                     "linkPath" : [
                        {
                           "index" : -1,
                           "name" : "substrate"
                        },
                        {
                           "index" : -1,
                           "name" : "fun"
                        },
                        {
                           "index" : -1,
                           "name" : "strates"
                        },
                        {
                           "index" : 0,
                           "name" : ""
                        },
                        {
                           "index" : -1,
                           "name" : "depthNoise"
                        },
                        {
                           "index" : -1,
                           "name" : "terms"
                        },
                        {
                           "index" : 2,
                           "name" : ""
                        },
                        {
                           "index" : -1,
                           "name" : "terms"
                        },
                        {
                           "index" : 0,
                           "name" : ""
                        },
                        {
                           "index" : -1,
                           "name" : "fun"
                        }
                     ],
                     "linkType" : "LT:NOISE_2D",
                     "nodeValue" : null
                  },
                  {
                     "linkPath" : [
                        {
                           "index" : -1,
                           "name" : "substrate"
                        },
                        {
                           "index" : -1,
                           "name" : "fun"
                        },
                        {
                           "index" : -1,
                           "name" : "strates"
                        },
                        {
                           "index" : 2,
                           "name" : ""
                        },
                        {
                           "index" : -1,
                           "name" : "depthNoise"
                        },
                        {
                           "index" : -1,
                           "name" : "terms"
                        },
                        {
                           "index" : 1,
                           "name" : ""
                        },
                        {
                           "index" : -1,
                           "name" : "terms"
                        },
                        {
                           "index" : 0,
                           "name" : ""
                        },
                        {
                           "index" : -1,
                           "name" : "fun"
                        }
                     ],
                     "linkType" : "LT:NOISE_2D",
                     "nodeValue" : null
                  },
                  {
                     "linkPath" : [
                        {
                           "index" : -1,
                           "name" : "substrate"
                        },
                        {
                           "index" : -1,
                           "name" : "fun"
                        },
                        {
                           "index" : -1,
                           "name" : "strates"
                        },
                        {
                           "index" : 1,
                           "name" : ""
                        },
                        {
                           "index" : -1,
                           "name" : "depthNoise"
                        },
                        {
                           "index" : -1,
                           "name" : "terms"
                        },
                        {
                           "index" : 2,
                           "name" : ""
                        },
                        {
                           "index" : -1,
                           "name" : "terms"
                        },
                        {
                           "index" : 0,
                           "name" : ""
                        },
                        {
                           "index" : -1,
                           "name" : "fun"
                        }
                     ],
                     "linkType" : "LT:NOISE_2D",
                     "nodeValue" : null
                  },
                  {
                     "linkPath" : [
                        {
                           "index" : -1,
                           "name" : "substrate"
                        },
                        {
                           "index" : -1,
                           "name" : "fun"
                        },
                        {
                           "index" : -1,
                           "name" : "strates"
                        },
                        {
                           "index" : 3,
                           "name" : ""
                        },
                        {
                           "index" : -1,
                           "name" : "depthNoise"
                        },
                        {
                           "index" : -1,
                           "name" : "terms"
                        },
                        {
                           "index" : 1,
                           "name" : ""
                        },
                        {
                           "index" : -1,
                           "name" : "terms"
                        },
                        {
                           "index" : 0,
                           "name" : ""
                        },
                        {
                           "index" : -1,
                           "name" : "fun"
                        }
                     ],
                     "linkType" : "LT:NOISE_2D",
                     "nodeValue" : null
                  }
               ],
               "reference" : "substrate/sea_bed.json",
               "seed" : 0,
               "seed-combine" : true,
               "seed-hash" : "",
               "tick" : 0,
               "type" : "reference"
            },
            "threeD" : null,
            "threeDMaxY" : {
               "enabled" : false,
               "value" : 256
            },
            "threeDMinY" : {
               "enabled" : false,
               "value" : 0
            },
            "threeDSurfaceMaxY" : {
               "enabled" : false,
               "value" : 256
            },
            "threeDSurfaceMinY" : {
               "enabled" : false,
               "value" : 0
            },
            "threeDThresholdBias" : {
               "enabled" : false,
               "value" : -1
            },
            "threed_decorations" : null,
            "threed_substrate" : null,
            "type" : "standard",
            "x" : null,
            "y" : null
         },
         "seed" : 0,
         "seed-combine" : false,
         "seed-hash" : "",
         "temperature" : {
            "enabled" : true,
            "value" : 0.35600000619888306
         },
         "type" : "standard",
         "vegetation" : {
            "enabled" : true,
            "value" : 0.68600004911422729
         },
         "weight" : 0.5
      },
      "links" : [
         {
            "blockConstraint" : 2264040672,
            "blockDefault" : "",
            "checkDefault" : true,
            "linkPath" : [
               {
                  "index" : -1,
                  "name" : "biome"
               },
               {
                  "index" : -1,
                  "name" : "fun"
               },
               {
                  "index" : -1,
                  "name" : "weight"
               }
            ],
            "linkType" : "LT:CUSTOM_SLIDER",
            "name" : "Biome Weight",
            "shortPath" : "shallow_sea.weight",
            "sliderCheck" : false,
            "sliderDefault" : 0.80000001192092896,
            "sliderMax" : 1,
            "sliderMin" : 0,
            "sliderStep" : 0.0010000000474974513
         }
      ]
   },
   "generator" : {
      "@version" : 6,
      "biomeSize" : 24,
      "lowerSea" : {
         "level" : 16,
         "liquidType" : "WATER"
      },
      "sea" : {
         "level" : 64,
         "liquidType" : "WATER"
      }
   },
   "seed" : "I has a seed!",
   "seed-hash" : "",
   "sharedConfig" : {
      "blockColors" : {
         "ASH_DEFAULT_BASE" : 1,
         "CRYSTAL_GLEAM_BASE" : 13,
         "FLORA_FLOWER_1" : 1,
         "FLORA_FLOWER_2" : 1,
         "FLORA_FLOWER_3" : 1,
         "FLORA_FLOWER_4" : 1,
         "GRASS_BARBED_BASE" : 8,
         "GRASS_GNARLED_BASE" : 7,
         "GRASS_VERDANT_BASE" : 9,
         "GRAVEL_DEFAULT_BASE" : 19,
         "GROWTH_DEFAULT_BASE" : 1,
         "ICE_DEFAULT_BASE" : 1,
         "ICE_GLACIER_BASE" : 1,
         "MOULD_DEFAULT_BASE" : 1,
         "MUD_DEFAULT_BASE" : 1,
         "ROCK_IGNEOUS_BASE" : 4,
         "ROCK_METAMORPHIC_BASE" : 5,
         "ROCK_SEDIMENTARY_BASE" : 6,
         "SAND_DEFAULT_BASE" : 16,
         "SOIL_CLAY_BASE" : 17,
         "SOIL_PEATY_BASE" : 3,
         "SOIL_SILTY_BASE" : 2,
         "SPONGE_DEFAULT_BASE" : 1,
         "TANGLE_DEFAULT_BASE" : 1,
         "THORNS_DEFAULT_BASE" : 1,
         "WOOD_ANCIENT_TRUNK" : 10,
         "WOOD_EXOTIC_LEAVES" : 15,
         "WOOD_LUSH_LEAVES" : 13,
         "WOOD_LUSTROUS_TRUNK" : 1,
         "WOOD_TWISTED_TRUNK" : 11,
         "WOOD_WAXY_LEAVES" : 14
      },
      "seed-hash" : "",
      "worldSize" : 288
   },
   "test" : {
      "@collapsed" : false,
      "@name" : "Reference Biome",
      "@position" : [ 8055, 9740 ],
      "embedded" : {
         "@collapsed" : false,
         "@configType" : "BIOME",
         "@name" : "shallow_sea",
         "@position" : [ 7612, 8108 ],
         "@toggle-test" : false,
         "@toggle-world" : true,
         "@version" : 17,
         "biome" : {
            "fun" : {
               "@collapsed" : false,
               "@name" : "shallow_sea",
               "@position" : [ 8055, 8411 ],
               "altitude" : {
                  "enabled" : true,
                  "value" : 0.17600001394748688
               },
               "humidity" : {
                  "enabled" : true,
                  "value" : 0.79000002145767212
               },
               "labels" : [
                  {
                     "label" : "tier_2"
                  },
                  {
                     "label" : "sea"
                  },
                  {
                     "label" : "cool"
                  },
                  {
                     "label" : "gleam"
                  },
                  {
                     "label" : "corruption"
                  }
               ],
               "nameStyle" : "Maris",
               "part" : {
                  "@collapsed" : false,
                  "@name" : "shallow_sea",
                  "@position" : [ 8494, 8102 ],
                  "@selector-open" : false,
                  "@toggle-caves" : true,
                  "@toggle-ccaves" : true,
                  "@toggle-csurface" : true,
                  "@toggle-cthreed" : true,
                  "@toggle-data" : true,
                  "@toggle-drop" : false,
                  "@toggle-heightmap" : true,
                  "@toggle-selector" : false,
                  "@toggle-stage" : true,
                  "@toggle-threed" : false,
                  "@toggle-visualise" : true,
                  "@x-name" : "x",
                  "@y-name" : "y",
                  "caveSurfaceShrink" : {
                     "enabled" : true,
                     "value" : 1
                  },
                  "caveThresholdBias" : {
                     "enabled" : true,
                     "value" : -1
                  },
                  "caves" : {
                     "@collapsed" : false,
                     "@name" : "Layered 3D",
                     "@position" : [ 8927, 7801 ],
                     "components" : [
                        {
                           "fun" : {
                              "@collapsed" : false,
                              "@name" : "tier_1_caves",
                              "@position" : [ 9273, 7700 ],
                              "frequency" : [ 1, 1 ],
                              "links" : [],
                              "reference" : "noise3d/caves/release/tier_1_caves.json",
                              "seed" : 2840125855102216963,
                              "seed-combine" : false,
                              "seed-hash" : "6qIPujHIsn6speZx",
                              "tick" : 2,
                              "type" : "reference"
                           },
                           "noiseMaxY" : 256,
                           "y" : 0,
                           "yfun" : {
                              "@collapsed" : false,
                              "@name" : "Sum 2D",
                              "@position" : [ 9263, 7830 ],
                              "frequency" : 1,
                              "seed" : 0,
                              "seed-combine" : true,
                              "seed-hash" : "",
                              "terms" : [
                                 {
                                    "fun" : {
                                       "@collapsed" : false,
                                       "@name" : "Min 2D",
                                       "@position" : [ 9598, 7839 ],
                                       "frequency" : 1,
                                       "seed" : 0,
                                       "seed-combine" : true,
                                       "seed-hash" : "",
                                       "terms" : [
                                          {
                                             "@collapsed" : false,
                                             "@name" : "Sum 2D",
                                             "@position" : [ 9900, 7723 ],
                                             "frequency" : 1,
                                             "seed" : 0,
                                             "seed-combine" : true,
                                             "seed-hash" : "",
                                             "terms" : [
                                                {
                                                   "fun" : {
                                                      "@collapsed" : false,
                                                      "@name" : "Sea Base",
                                                      "@position" : [ 10191, 7747 ],
                                                      "frequency" : 1,
                                                      "links" : [],
                                                      "reference" : "noise2d/heightmaps/seabase.json",
                                                      "seed" : 5003575536529622373,
                                                      "seed-combine" : true,
                                                      "seed-hash" : "WVH6qhneuJ0F3MEl",
                                                      "tick" : 0,
                                                      "type" : "reference"
                                                   },
                                                   "multiplier" : 1,
                                                   "power" : 1
                                                },
                                                {
                                                   "fun" : {
                                                      "@collapsed" : false,
                                                      "@name" : "Constant 2D",
                                                      "@position" : [ 10191, 7853 ],
                                                      "frequency" : 1,
                                                      "type" : "constant",
                                                      "value" : -0.18000000715255737
                                                   },
                                                   "multiplier" : 1,
                                                   "power" : 1
                                                }
                                             ],
                                             "type" : "sum"
                                          },
                                          {
                                             "@collapsed" : false,
                                             "@name" : "water_system_1",
                                             "@position" : [ 9902, 8025 ],
                                             "frequency" : 1,
                                             "links" : [],
                                             "reference" : "noise2d/watersystems/water_system_1.json",
                                             "seed" : 7577140515190446856,
                                             "seed-combine" : true,
                                             "seed-hash" : "vfKUd1LeyNQkxZRE",
                                             "tick" : 0,
                                             "type" : "reference"
                                          }
                                       ],
                                       "type" : "min"
                                    },
                                    "multiplier" : 1,
                                    "power" : 1
                                 },
                                 {
                                    "fun" : {
                                       "@collapsed" : false,
                                       "@name" : "Constant 2D",
                                       "@position" : [ 9600, 8033 ],
                                       "frequency" : 1,
                                       "type" : "constant",
                                       "value" : -0.13000001013278961
                                    },
                                    "multiplier" : 1,
                                    "power" : 1
                                 }
                              ],
                              "type" : "sum"
                           }
                        },
                        {
                           "fun" : {
                              "@collapsed" : false,
                              "@name" : "Constant 3D",
                              "@position" : [ 9259, 8153 ],
                              "frequency" : [ 1, 1 ],
                              "type" : "constant",
                              "value" : -1
                           },
                           "noiseMaxY" : 0,
                           "y" : 256,
                           "yfun" : null
                        }
                     ],
                     "frequency" : [ 1, 1 ],
                     "seed" : 0,
                     "seed-combine" : true,
                     "seed-hash" : "",
                     "type" : "layered"
                  },
                  "caves_decorations" : null,
                  "caves_substrate" : {
                     "@collapsed" : false,
                     "@name" : "tier_1_caves",
                     "@position" : [ 8892, 8944 ],
                     "links" : [],
                     "reference" : "substrate/caves/tier_1_caves.json",
                     "seed" : 15408175334311480782,
                     "seed-combine" : true,
                     "seed-hash" : "pmkJTYGjQmGVz8B8",
                     "tick" : 0,
                     "type" : "reference"
                  },
                  "distortion" : null,
                  "distortionStrength" : {
                     "enabled" : false,
                     "value" : 0
                  },
                  "drop" : null,
                  "dropMaxDepth" : {
                     "enabled" : true,
                     "value" : 14
                  },
                  "dropMaxGradient" : {
                     "enabled" : true,
                     "value" : 2.3499999046325684
                  },
                  "dropMaxNoGravel" : {
                     "enabled" : true,
                     "value" : 6
                  },
                  "heightmap" : {
                     "@collapsed" : false,
                     "@name" : "Min 2D",
                     "@position" : [ 8938, 7409 ],
                     "frequency" : 1,
                     "seed" : 0,
                     "seed-combine" : true,
                     "seed-hash" : "",
                     "terms" : [
                        {
                           "@collapsed" : false,
                           "@name" : "Sum 2D",
                           "@position" : [ 9242, 7282 ],
                           "frequency" : 1,
                           "seed" : 0,
                           "seed-combine" : true,
                           "seed-hash" : "",
                           "terms" : [
                              {
                                 "fun" : {
                                    "@collapsed" : false,
                                    "@name" : "Sea Base",
                                    "@position" : [ 9533, 7306 ],
                                    "frequency" : 1,
                                    "links" : [],
                                    "reference" : "noise2d/heightmaps/seabase.json",
                                    "seed" : 5003575536529622373,
                                    "seed-combine" : true,
                                    "seed-hash" : "WVH6qhneuJ0F3MEl",
                                    "tick" : 0,
                                    "type" : "reference"
                                 },
                                 "multiplier" : 1,
                                 "power" : 1
                              },
                              {
                                 "fun" : {
                                    "@collapsed" : false,
                                    "@name" : "Constant 2D",
                                    "@position" : [ 9533, 7412 ],
                                    "frequency" : 1,
                                    "type" : "constant",
                                    "value" : -0.18000000715255737
                                 },
                                 "multiplier" : 1,
                                 "power" : 1
                              }
                           ],
                           "type" : "sum"
                        },
                        {
                           "@collapsed" : false,
                           "@name" : "water_system_1",
                           "@position" : [ 9240, 7576 ],
                           "frequency" : 1,
                           "links" : [],
                           "reference" : "noise2d/watersystems/water_system_1.json",
                           "seed" : 7577140515190446856,
                           "seed-combine" : true,
                           "seed-hash" : "vfKUd1LeyNQkxZRE",
                           "tick" : 0,
                           "type" : "reference"
                        }
                     ],
                     "type" : "min"
                  },
                  "heightmapBlockType" : "ROCK_METAMORPHIC_BASE",
                  "heightmapMaxY" : {
                     "enabled" : false,
                     "value" : 256
                  },
                  "heightmapMinY" : {
                     "enabled" : false,
                     "value" : 0
                  },
                  "parts" : [],
                  "seed" : 0,
                  "seed-combine" : true,
                  "seed-hash" : "",
                  "shrink" : null,
                  "strata" : {
                     "@collapsed" : false,
                     "@name" : "Join Strata",
                     "@position" : [ 8941, 8342 ],
                     "components" : [
                        {
                           "fun" : {
                              "@collapsed" : false,
                              "@name" : "Fill1",
                              "@position" : [ 9245, 8299 ],
                              "links" : [],
                              "reference" : "strata/fill1.json",
                              "seed" : 0,
                              "seed-combine" : true,
                              "seed-hash" : "",
                              "tick" : 0,
                              "type" : "reference"
                           },
                           "w" : 0.5
                        },
                        {
                           "fun" : {
                              "@collapsed" : false,
                              "@name" : "Fill2",
                              "@position" : [ 9245, 8382 ],
                              "links" : [],
                              "reference" : "strata/fill2.json",
                              "seed" : 0,
                              "seed-combine" : true,
                              "seed-hash" : "",
                              "tick" : 0,
                              "type" : "reference"
                           },
                           "w" : 0.5
                        },
                        {
                           "fun" : {
                              "@collapsed" : false,
                              "@name" : "Fill3",
                              "@position" : [ 9245, 8465 ],
                              "links" : [],
                              "reference" : "strata/fill3.json",
                              "seed" : 0,
                              "seed-combine" : true,
                              "seed-hash" : "",
                              "tick" : 0,
                              "type" : "reference"
                           },
                           "w" : 0.5
                        },
                        {
                           "fun" : {
                              "@collapsed" : false,
                              "@name" : "Fill4",
                              "@position" : [ 9245, 8548 ],
                              "links" : [],
                              "reference" : "strata/fill4.json",
                              "seed" : 0,
                              "seed-combine" : true,
                              "seed-hash" : "",
                              "tick" : 0,
                              "type" : "reference"
                           },
                           "w" : 0.5
                        },
                        {
                           "fun" : {
                              "@collapsed" : false,
                              "@name" : "Fill5",
                              "@position" : [ 9245, 8631 ],
                              "links" : [],
                              "reference" : "strata/fill5.json",
                              "seed" : 0,
                              "seed-combine" : true,
                              "seed-hash" : "",
                              "tick" : 0,
                              "type" : "reference"
                           },
                           "w" : 0.5
                        }
                     ],
                     "count" : 5,
                     "seed" : 0,
                     "seed-combine" : true,
                     "seed-hash" : "",
                     "type" : "join"
                  },
                  "surface_decorations" : {
                     "@collapsed" : false,
                     "@name" : "Standard Decorations",
                     "@position" : [ 8944, 8829 ],
                     "@toggle-ceiling" : false,
                     "@toggle-floor" : true,
                     "ceiling" : [],
                     "floor" : [
                        {
                           "clearance" : 8,
                           "constraintType" : [ "GRAVEL_DEFAULT_BASE", "SAND_DEFAULT_BASE", "SOIL_CLAY_BASE" ],
                           "density" : -0.98999994993209839,
                           "depth" : 8,
                           "instance" : {
                              "@collapsed" : false,
                              "@name" : "sea_shells",
                              "@position" : [ 9259, 9221 ],
                              "links" : [],
                              "reference" : "instances/ocean/sea_shells.json",
                              "seed" : 0,
                              "seed-combine" : true,
                              "seed-hash" : "",
                              "tick" : 0,
                              "type" : "reference"
                           },
                           "maxGradient" : 5,
                           "maxSize" : 1,
                           "maxY" : 256,
                           "minGradient" : 0,
                           "minSize" : 0,
                           "minY" : 0,
                           "noise" : {
                              "@collapsed" : false,
                              "@name" : "Constant 2D",
                              "@position" : [ 9259, 9281 ],
                              "frequency" : 1,
                              "type" : "constant",
                              "value" : -0.70900005102157593
                           },
                           "placementType" : "FLORA_FLOWER_1",
                           "sizeNoise" : null,
                           "smooth" : false,
                           "threshold" : 0
                        },
                        {
                           "clearance" : 8,
                           "constraintType" : [ "GRAVEL_DEFAULT_BASE", "SAND_DEFAULT_BASE", "SOIL_CLAY_BASE" ],
                           "density" : -0.59999996423721313,
                           "depth" : 8,
                           "instance" : {
                              "@collapsed" : false,
                              "@name" : "seaweed",
                              "@position" : [ 9259, 9410 ],
                              "links" : [],
                              "reference" : "instances/ocean/seaweed.json",
                              "seed" : 0,
                              "seed-combine" : true,
                              "seed-hash" : "",
                              "tick" : 0,
                              "type" : "reference"
                           },
                           "maxGradient" : 5,
                           "maxSize" : 1,
                           "maxY" : 56,
                           "minGradient" : 0,
                           "minSize" : 0,
                           "minY" : 0,
                           "noise" : null,
                           "placementType" : "FLORA_FLOWER_1",
                           "sizeNoise" : {
                              "@collapsed" : false,
                              "@name" : "Constant 2D",
                              "@position" : [ 9259, 9470 ],
                              "frequency" : 1,
                              "type" : "constant",
                              "value" : -0.70900005102157593
                           },
                           "smooth" : false,
                           "threshold" : 0
                        },
                        {
                           "clearance" : 8,
                           "constraintType" : [ "SAND_DEFAULT_BASE", "GRAVEL_DEFAULT_BASE", "SOIL_CLAY_BASE" ],
                           "density" : -0.55000001192092896,
                           "depth" : 8,
                           "instance" : {
                              "@collapsed" : false,
                              "@name" : "seaweed_particles",
                              "@position" : [ 9259, 9599 ],
                              "links" : [],
                              "reference" : "instances/ocean/seaweed_particles.json",
                              "seed" : 0,
                              "seed-combine" : true,
                              "seed-hash" : "",
                              "tick" : 0,
                              "type" : "reference"
                           },
                           "maxGradient" : 5,
                           "maxSize" : 1,
                           "maxY" : 55,
                           "minGradient" : 0,
                           "minSize" : 0,
                           "minY" : 0,
                           "noise" : {
                              "@collapsed" : false,
                              "@name" : "Constant 2D",
                              "@position" : [ 9259, 9659 ],
                              "frequency" : 1,
                              "type" : "constant",
                              "value" : -0.70900005102157593
                           },
                           "placementType" : "FLORA_FLOWER_1",
                           "sizeNoise" : null,
                           "smooth" : false,
                           "threshold" : 0
                        }
                     ],
                     "seed" : 0,
                     "seed-combine" : true,
                     "seed-hash" : "",
                     "type" : "standard"
                  },
                  "surface_substrate" : {
                     "@collapsed" : false,
                     "@name" : "sea_bed",
                     "@position" : [ 8943, 8668 ],
                     "links" : [
                        {
                           "linkPath" : [
                              {
                                 "index" : -1,
                                 "name" : "substrate"
                              },
                              {
                                 "index" : -1,
                                 "name" : "fun"
                              },
                              {
                                 "index" : -1,
                                 "name" : "strates"
                              },
                              {
                                 "index" : 0,
                                 "name" : ""
                              },
                              {
                                 "index" : -1,
                                 "name" : "depthNoise"
                              },
                              {
                                 "index" : -1,
                                 "name" : "terms"
                              },
                              {
                                 "index" : 2,
                                 "name" : ""
                              },
                              {
                                 "index" : -1,
                                 "name" : "terms"
                              },
                              {
                                 "index" : 0,
                                 "name" : ""
                              },
                              {
                                 "index" : -1,
                                 "name" : "fun"
                              }
                           ],
                           "linkType" : "LT:NOISE_2D",
                           "nodeValue" : null
                        },
                        {
                           "linkPath" : [
                              {
                                 "index" : -1,
                                 "name" : "substrate"
                              },
                              {
                                 "index" : -1,
                                 "name" : "fun"
                              },
                              {
                                 "index" : -1,
                                 "name" : "strates"
                              },
                              {
                                 "index" : 2,
                                 "name" : ""
                              },
                              {
                                 "index" : -1,
                                 "name" : "depthNoise"
                              },
                              {
                                 "index" : -1,
                                 "name" : "terms"
                              },
                              {
                                 "index" : 1,
                                 "name" : ""
                              },
                              {
                                 "index" : -1,
                                 "name" : "terms"
                              },
                              {
                                 "index" : 0,
                                 "name" : ""
                              },
                              {
                                 "index" : -1,
                                 "name" : "fun"
                              }
                           ],
                           "linkType" : "LT:NOISE_2D",
                           "nodeValue" : null
                        },
                        {
                           "linkPath" : [
                              {
                                 "index" : -1,
                                 "name" : "substrate"
                              },
                              {
                                 "index" : -1,
                                 "name" : "fun"
                              },
                              {
                                 "index" : -1,
                                 "name" : "strates"
                              },
                              {
                                 "index" : 1,
                                 "name" : ""
                              },
                              {
                                 "index" : -1,
                                 "name" : "depthNoise"
                              },
                              {
                                 "index" : -1,
                                 "name" : "terms"
                              },
                              {
                                 "index" : 2,
                                 "name" : ""
                              },
                              {
                                 "index" : -1,
                                 "name" : "terms"
                              },
                              {
                                 "index" : 0,
                                 "name" : ""
                              },
                              {
                                 "index" : -1,
                                 "name" : "fun"
                              }
                           ],
                           "linkType" : "LT:NOISE_2D",
                           "nodeValue" : null
                        },
                        {
                           "linkPath" : [
                              {
                                 "index" : -1,
                                 "name" : "substrate"
                              },
                              {
                                 "index" : -1,
                                 "name" : "fun"
                              },
                              {
                                 "index" : -1,
                                 "name" : "strates"
                              },
                              {
                                 "index" : 3,
                                 "name" : ""
                              },
                              {
                                 "index" : -1,
                                 "name" : "depthNoise"
                              },
                              {
                                 "index" : -1,
                                 "name" : "terms"
                              },
                              {
                                 "index" : 1,
                                 "name" : ""
                              },
                              {
                                 "index" : -1,
                                 "name" : "terms"
                              },
                              {
                                 "index" : 0,
                                 "name" : ""
                              },
                              {
                                 "index" : -1,
                                 "name" : "fun"
                              }
                           ],
                           "linkType" : "LT:NOISE_2D",
                           "nodeValue" : null
                        }
                     ],
                     "reference" : "substrate/sea_bed.json",
                     "seed" : 0,
                     "seed-combine" : true,
                     "seed-hash" : "",
                     "tick" : 0,
                     "type" : "reference"
                  },
                  "threeD" : null,
                  "threeDMaxY" : {
                     "enabled" : false,
                     "value" : 256
                  },
                  "threeDMinY" : {
                     "enabled" : false,
                     "value" : 0
                  },
                  "threeDSurfaceMaxY" : {
                     "enabled" : false,
                     "value" : 256
                  },
                  "threeDSurfaceMinY" : {
                     "enabled" : false,
                     "value" : 0
                  },
                  "threeDThresholdBias" : {
                     "enabled" : false,
                     "value" : -1
                  },
                  "threed_decorations" : null,
                  "threed_substrate" : null,
                  "type" : "standard",
                  "x" : null,
                  "y" : null
               },
               "seed" : 0,
               "seed-combine" : false,
               "seed-hash" : "",
               "temperature" : {
                  "enabled" : true,
                  "value" : 0.35600000619888306
               },
               "type" : "standard",
               "vegetation" : {
                  "enabled" : true,
                  "value" : 0.68600004911422729
               },
               "weight" : 0.5
            },
            "links" : [
               {
                  "blockConstraint" : 2264040672,
                  "blockDefault" : "",
                  "checkDefault" : true,
                  "linkPath" : [
                     {
                        "index" : -1,
                        "name" : "biome"
                     },
                     {
                        "index" : -1,
                        "name" : "fun"
                     },
                     {
                        "index" : -1,
                        "name" : "weight"
                     }
                  ],
                  "linkType" : "LT:CUSTOM_SLIDER",
                  "name" : "Biome Weight",
                  "shortPath" : "shallow_sea.weight",
                  "sliderCheck" : false,
                  "sliderDefault" : 0.80000001192092896,
                  "sliderMax" : 1,
                  "sliderMin" : 0,
                  "sliderStep" : 0.0010000000474974513
               }
            ]
         },
         "generator" : {
            "@version" : 6,
            "biomeSize" : 24,
            "lowerSea" : {
               "level" : 16,
               "liquidType" : "WATER"
            },
            "sea" : {
               "level" : 64,
               "liquidType" : "WATER"
            }
         },
         "seed" : "I has a seed!",
         "sharedConfig" : {
            "blockColors" : {
               "ASH_DEFAULT_BASE" : 1,
               "CRYSTAL_GLEAM_BASE" : 13,
               "FLORA_FLOWER_1" : 1,
               "FLORA_FLOWER_2" : 1,
               "FLORA_FLOWER_3" : 1,
               "FLORA_FLOWER_4" : 1,
               "GRASS_BARBED_BASE" : 8,
               "GRASS_GNARLED_BASE" : 7,
               "GRASS_VERDANT_BASE" : 9,
               "GRAVEL_DEFAULT_BASE" : 19,
               "GROWTH_DEFAULT_BASE" : 1,
               "ICE_DEFAULT_BASE" : 1,
               "ICE_GLACIER_BASE" : 1,
               "MOULD_DEFAULT_BASE" : 1,
               "MUD_DEFAULT_BASE" : 1,
               "ROCK_IGNEOUS_BASE" : 4,
               "ROCK_METAMORPHIC_BASE" : 5,
               "ROCK_SEDIMENTARY_BASE" : 6,
               "SAND_DEFAULT_BASE" : 16,
               "SOIL_CLAY_BASE" : 17,
               "SOIL_PEATY_BASE" : 3,
               "SOIL_SILTY_BASE" : 2,
               "SPONGE_DEFAULT_BASE" : 1,
               "TANGLE_DEFAULT_BASE" : 1,
               "THORNS_DEFAULT_BASE" : 1,
               "WOOD_ANCIENT_TRUNK" : 10,
               "WOOD_EXOTIC_LEAVES" : 15,
               "WOOD_LUSH_LEAVES" : 13,
               "WOOD_LUSTROUS_TRUNK" : 1,
               "WOOD_TWISTED_TRUNK" : 11,
               "WOOD_WAXY_LEAVES" : 14
            },
            "worldSize" : 288
         },
         "test" : {
            "@collapsed" : false,
            "@name" : "Reference Biome",
            "@position" : [ 8055, 9740 ],
            "seed" : 0,
            "seed-combine" : true,
            "seed-hash" : "",
            "type" : "reference"
         }
      },
      "links" : [],
      "reference" : "",
      "seed" : 0,
      "seed-combine" : true,
      "seed-hash" : "",
      "tick" : 0,
      "type" : "reference"
   }
}
