{
   "@collapsed" : false,
   "@configType" : "BIOME",
   "@name" : "algea_lake",
   "@position" : [ 7608, 7880 ],
   "@scroll" : [ 8182.58935546875, 8303.8662109375, -0.25 ],
   "@toggle-test" : false,
   "@toggle-world" : true,
   "@unlinked" : [],
   "@version" : 17,
   "biome" : {
      "fun" : {
         "@collapsed" : false,
         "@name" : "algea_lake",
         "@position" : [ 8036, 8180 ],
         "altitude" : {
            "enabled" : true,
            "value" : 0.27100002765655518
         },
         "humidity" : {
            "enabled" : true,
            "value" : 0.80000001192092896
         },
         "labels" : [
            {
               "label" : "tier_1"
            },
            {
               "label" : "lush"
            },
            {
               "label" : "lake"
            },
            {
               "label" : "liquid"
            },
            {
               "label" : "warm"
            }
         ],
         "nameStyle" : "Lacuna",
         "part" : {
            "@collapsed" : false,
            "@name" : "algea_lake",
            "@position" : [ 8462, 7859 ],
            "@selector-open" : false,
            "@toggle-caves" : true,
            "@toggle-ccaves" : true,
            "@toggle-csurface" : true,
            "@toggle-cthreed" : true,
            "@toggle-data" : true,
            "@toggle-drop" : false,
            "@toggle-heightmap" : true,
            "@toggle-selector" : false,
            "@toggle-stage" : true,
            "@toggle-threed" : true,
            "@toggle-visualise" : true,
            "@x-name" : "x",
            "@y-name" : "y",
            "caveSurfaceShrink" : {
               "enabled" : false,
               "value" : 1
            },
            "caveThresholdBias" : {
               "enabled" : true,
               "value" : -1
            },
            "caves" : {
               "@collapsed" : false,
               "@name" : "Layered 3D",
               "@position" : [ 8891, 8201 ],
               "components" : [
                  {
                     "fun" : {
                        "@collapsed" : false,
                        "@name" : "tier_1_caves",
                        "@position" : [ 9191, 8253 ],
                        "frequency" : [ 1, 1 ],
                        "links" : [],
                        "reference" : "noise3d/caves/release/tier_1_caves.json",
                        "seed" : 2840125855102216963,
                        "seed-combine" : false,
                        "seed-hash" : "6qIPujHIsn6speZx",
                        "tick" : 0,
                        "type" : "reference"
                     },
                     "noiseMaxY" : 128,
                     "y" : 20,
                     "yfun" : null
                  },
                  {
                     "fun" : {
                        "@collapsed" : false,
                        "@name" : "Constant 3D",
                        "@position" : [ 9189, 8387 ],
                        "frequency" : [ 1, 1 ],
                        "type" : "constant",
                        "value" : -1
                     },
                     "noiseMaxY" : 128,
                     "y" : 20,
                     "yfun" : null
                  }
               ],
               "frequency" : [ 1, 1 ],
               "seed" : 5838724533931592693,
               "seed-combine" : true,
               "seed-hash" : "IZMDCWGhzixIfxuX",
               "type" : "layered"
            },
            "caves_decorations" : null,
            "caves_substrate" : {
               "@collapsed" : false,
               "@name" : "tier_1_caves",
               "@position" : [ 8892, 8944 ],
               "links" : [],
               "reference" : "substrate/caves/tier_1_caves.json",
               "seed" : 15408175334311480782,
               "seed-combine" : true,
               "seed-hash" : "pmkJTYGjQmGVz8B8",
               "tick" : 0,
               "type" : "reference"
            },
            "distortion" : null,
            "distortionStrength" : {
               "enabled" : false,
               "value" : 0
            },
            "drop" : null,
            "dropMaxDepth" : {
               "enabled" : false,
               "value" : 5
            },
            "dropMaxGradient" : {
               "enabled" : false,
               "value" : 1.7699999809265137
            },
            "dropMaxNoGravel" : {
               "enabled" : false,
               "value" : 1
            },
            "heightmap" : {
               "@collapsed" : false,
               "@name" : "Min 2D",
               "@position" : [ 8899, 7299 ],
               "frequency" : 1,
               "seed" : 0,
               "seed-combine" : true,
               "seed-hash" : "",
               "terms" : [
                  {
                     "@collapsed" : false,
                     "@name" : "Sum 2D",
                     "@position" : [ 9203, 7183 ],
                     "frequency" : 1,
                     "seed" : 0,
                     "seed-combine" : true,
                     "seed-hash" : "",
                     "terms" : [
                        {
                           "fun" : {
                              "@collapsed" : false,
                              "@name" : "Heightmap - Rolling Hills",
                              "@position" : [ 9496, 7207 ],
                              "frequency" : 0.71200001239776611,
                              "links" : [
                                 {
                                    "linkPath" : [
                                       {
                                          "index" : -1,
                                          "name" : "noise2d"
                                       },
                                       {
                                          "index" : -1,
                                          "name" : "fun"
                                       },
                                       {
                                          "index" : -1,
                                          "name" : "terms"
                                       },
                                       {
                                          "index" : 0,
                                          "name" : ""
                                       },
                                       {
                                          "index" : -1,
                                          "name" : "multiplier"
                                       }
                                    ],
                                    "linkType" : "LT:CUSTOM_SLIDER",
                                    "sliderValue" : 2
                                 },
                                 {
                                    "linkPath" : [
                                       {
                                          "index" : -1,
                                          "name" : "noise2d"
                                       },
                                       {
                                          "index" : -1,
                                          "name" : "fun"
                                       },
                                       {
                                          "index" : -1,
                                          "name" : "terms"
                                       },
                                       {
                                          "index" : 1,
                                          "name" : ""
                                       },
                                       {
                                          "index" : -1,
                                          "name" : "multiplier"
                                       }
                                    ],
                                    "linkType" : "LT:CUSTOM_SLIDER",
                                    "sliderValue" : 1.0040000677108765
                                 }
                              ],
                              "reference" : "noise2d/heightmaps/rollinghills.json",
                              "seed" : 2455343687293435752,
                              "seed-combine" : true,
                              "seed-hash" : "zGJUFiOnZLcaobAc",
                              "tick" : 0,
                              "type" : "reference"
                           },
                           "multiplier" : 0.056000001728534698,
                           "power" : 1
                        },
                        {
                           "fun" : {
                              "@collapsed" : false,
                              "@name" : "Constant 2D",
                              "@position" : [ 9496, 7359 ],
                              "frequency" : 1,
                              "type" : "constant",
                              "value" : -0.77300006151199341
                           },
                           "multiplier" : 1,
                           "power" : 1
                        }
                     ],
                     "type" : "sum"
                  },
                  {
                     "@collapsed" : false,
                     "@name" : "water_system_1",
                     "@position" : [ 9204, 7493 ],
                     "frequency" : 1,
                     "links" : [],
                     "reference" : "noise2d/watersystems/water_system_1.json",
                     "seed" : 7577140515190446856,
                     "seed-combine" : true,
                     "seed-hash" : "vfKUd1LeyNQkxZRE",
                     "tick" : 0,
                     "type" : "reference"
                  }
               ],
               "type" : "min"
            },
            "heightmapBlockType" : "ROCK_METAMORPHIC_BASE",
            "heightmapMaxY" : {
               "enabled" : false,
               "value" : 256
            },
            "heightmapMinY" : {
               "enabled" : false,
               "value" : 0
            },
            "parts" : [],
            "seed" : 0,
            "seed-combine" : true,
            "seed-hash" : "",
            "shrink" : null,
            "strata" : {
               "@collapsed" : false,
               "@name" : "Join Strata",
               "@position" : [ 8912, 8583 ],
               "components" : [
                  {
                     "fun" : {
                        "@collapsed" : false,
                        "@name" : "Fill1",
                        "@position" : [ 9216, 8540 ],
                        "links" : [],
                        "reference" : "strata/fill1.json",
                        "seed" : 0,
                        "seed-combine" : true,
                        "seed-hash" : "",
                        "tick" : 1,
                        "type" : "reference"
                     },
                     "w" : 0.5
                  },
                  {
                     "fun" : {
                        "@collapsed" : false,
                        "@name" : "Fill2",
                        "@position" : [ 9216, 8623 ],
                        "links" : [],
                        "reference" : "strata/fill2.json",
                        "seed" : 0,
                        "seed-combine" : true,
                        "seed-hash" : "",
                        "tick" : 1,
                        "type" : "reference"
                     },
                     "w" : 0.5
                  },
                  {
                     "fun" : {
                        "@collapsed" : false,
                        "@name" : "Fill3",
                        "@position" : [ 9216, 8706 ],
                        "links" : [],
                        "reference" : "strata/fill3.json",
                        "seed" : 0,
                        "seed-combine" : true,
                        "seed-hash" : "",
                        "tick" : 1,
                        "type" : "reference"
                     },
                     "w" : 0.5
                  },
                  {
                     "fun" : {
                        "@collapsed" : false,
                        "@name" : "Fill4",
                        "@position" : [ 9216, 8789 ],
                        "links" : [],
                        "reference" : "strata/fill4.json",
                        "seed" : 0,
                        "seed-combine" : true,
                        "seed-hash" : "",
                        "tick" : 1,
                        "type" : "reference"
                     },
                     "w" : 0.5
                  },
                  {
                     "fun" : {
                        "@collapsed" : false,
                        "@name" : "Fill5",
                        "@position" : [ 9216, 8872 ],
                        "links" : [],
                        "reference" : "strata/fill5.json",
                        "seed" : 0,
                        "seed-combine" : true,
                        "seed-hash" : "",
                        "tick" : 1,
                        "type" : "reference"
                     },
                     "w" : 0.5
                  }
               ],
               "count" : 5,
               "seed" : 0,
               "seed-combine" : true,
               "seed-hash" : "",
               "type" : "join"
            },
            "surface_decorations" : {
               "@collapsed" : false,
               "@name" : "lake_bed",
               "@position" : [ 8886, 9201 ],
               "links" : [],
               "reference" : "decorations/lake_bed.json",
               "seed" : 0,
               "seed-combine" : true,
               "seed-hash" : "",
               "tick" : 1,
               "type" : "reference"
            },
            "surface_substrate" : {
               "@collapsed" : false,
               "@name" : "lake_bed",
               "@position" : [ 8886, 9050 ],
               "links" : [
                  {
                     "linkPath" : [
                        {
                           "index" : -1,
                           "name" : "substrate"
                        },
                        {
                           "index" : -1,
                           "name" : "fun"
                        },
                        {
                           "index" : -1,
                           "name" : "strates"
                        },
                        {
                           "index" : 0,
                           "name" : ""
                        },
                        {
                           "index" : -1,
                           "name" : "depthNoise"
                        },
                        {
                           "index" : -1,
                           "name" : "terms"
                        },
                        {
                           "index" : 2,
                           "name" : ""
                        },
                        {
                           "index" : -1,
                           "name" : "terms"
                        },
                        {
                           "index" : 0,
                           "name" : ""
                        },
                        {
                           "index" : -1,
                           "name" : "fun"
                        }
                     ],
                     "linkType" : "LT:NOISE_2D",
                     "nodeValue" : null
                  },
                  {
                     "linkPath" : [
                        {
                           "index" : -1,
                           "name" : "substrate"
                        },
                        {
                           "index" : -1,
                           "name" : "fun"
                        },
                        {
                           "index" : -1,
                           "name" : "strates"
                        },
                        {
                           "index" : 2,
                           "name" : ""
                        },
                        {
                           "index" : -1,
                           "name" : "depthNoise"
                        },
                        {
                           "index" : -1,
                           "name" : "terms"
                        },
                        {
                           "index" : 1,
                           "name" : ""
                        },
                        {
                           "index" : -1,
                           "name" : "terms"
                        },
                        {
                           "index" : 0,
                           "name" : ""
                        },
                        {
                           "index" : -1,
                           "name" : "fun"
                        }
                     ],
                     "linkType" : "LT:NOISE_2D",
                     "nodeValue" : null
                  },
                  {
                     "linkPath" : [
                        {
                           "index" : -1,
                           "name" : "substrate"
                        },
                        {
                           "index" : -1,
                           "name" : "fun"
                        },
                        {
                           "index" : -1,
                           "name" : "strates"
                        },
                        {
                           "index" : 1,
                           "name" : ""
                        },
                        {
                           "index" : -1,
                           "name" : "depthNoise"
                        },
                        {
                           "index" : -1,
                           "name" : "terms"
                        },
                        {
                           "index" : 2,
                           "name" : ""
                        },
                        {
                           "index" : -1,
                           "name" : "terms"
                        },
                        {
                           "index" : 0,
                           "name" : ""
                        },
                        {
                           "index" : -1,
                           "name" : "fun"
                        }
                     ],
                     "linkType" : "LT:NOISE_2D",
                     "nodeValue" : null
                  },
                  {
                     "linkPath" : [
                        {
                           "index" : -1,
                           "name" : "substrate"
                        },
                        {
                           "index" : -1,
                           "name" : "fun"
                        },
                        {
                           "index" : -1,
                           "name" : "strates"
                        },
                        {
                           "index" : 3,
                           "name" : ""
                        },
                        {
                           "index" : -1,
                           "name" : "depthNoise"
                        },
                        {
                           "index" : -1,
                           "name" : "terms"
                        },
                        {
                           "index" : 1,
                           "name" : ""
                        },
                        {
                           "index" : -1,
                           "name" : "terms"
                        },
                        {
                           "index" : 0,
                           "name" : ""
                        },
                        {
                           "index" : -1,
                           "name" : "fun"
                        }
                     ],
                     "linkType" : "LT:NOISE_2D",
                     "nodeValue" : null
                  }
               ],
               "reference" : "substrate/lake_bed.json",
               "seed" : 0,
               "seed-combine" : true,
               "seed-hash" : "",
               "tick" : 2,
               "type" : "reference"
            },
            "threeD" : {
               "@collapsed" : false,
               "@name" : "Layered 3D",
               "@position" : [ 8886, 7713 ],
               "components" : [
                  {
                     "fun" : {
                        "@collapsed" : false,
                        "@name" : "Constant 3D",
                        "@position" : [ 9207, 7614 ],
                        "frequency" : [ 1, 1 ],
                        "type" : "constant",
                        "value" : 1
                     },
                     "noiseMaxY" : 128,
                     "y" : 63.511001586914063,
                     "yfun" : null
                  },
                  {
                     "fun" : {
                        "@collapsed" : false,
                        "@name" : "Sum 3D",
                        "@position" : [ 9207, 7779 ],
                        "frequency" : [ 1, 1 ],
                        "seed" : 0,
                        "seed-combine" : true,
                        "seed-hash" : "",
                        "terms" : [
                           {
                              "fun" : {
                                 "@collapsed" : false,
                                 "@name" : "Fractal 3D",
                                 "@position" : [ 9510, 7743 ],
                                 "frequency" : [
                                    {
                                       "max" : 2,
                                       "min" : 0.40000000596046448
                                    },
                                    2
                                 ],
                                 "fun" : {
                                    "@collapsed" : false,
                                    "@name" : "Perlin 3D",
                                    "@position" : [ 9793, 7815 ],
                                    "frequency" : [ 1, 1 ],
                                    "seed" : 5808606252525584249,
                                    "seed-combine" : true,
                                    "seed-hash" : "ijyjcJXZLj3Z25QR",
                                    "type" : "perlin"
                                 },
                                 "octaves" : [
                                    {
                                       "multiplier" : 1,
                                       "scale" : 1,
                                       "seed" : 2334870558733293985,
                                       "seed-combine" : true,
                                       "seed-hash" : "2pIceSxHuU8FYvrO"
                                    }
                                 ],
                                 "seed" : 9770708481120003290,
                                 "seed-combine" : true,
                                 "seed-hash" : "BwAXorKuN3VzEpG0",
                                 "type" : "fractal"
                              },
                              "multiplier" : 1,
                              "power" : 1
                           },
                           {
                              "fun" : {
                                 "@collapsed" : false,
                                 "@name" : "Constant 3D",
                                 "@position" : [ 9510, 8015 ],
                                 "frequency" : [ 1, 1 ],
                                 "type" : "constant",
                                 "value" : 0.49300003051757813
                              },
                              "multiplier" : 2,
                              "power" : 1
                           }
                        ],
                        "type" : "sum"
                     },
                     "noiseMaxY" : 128,
                     "y" : 65.387001037597656,
                     "yfun" : null
                  },
                  {
                     "fun" : {
                        "@collapsed" : false,
                        "@name" : "Constant 3D",
                        "@position" : [ 9207, 8144 ],
                        "frequency" : [ 1, 1 ],
                        "type" : "constant",
                        "value" : 1
                     },
                     "noiseMaxY" : 128,
                     "y" : 68.439002990722656,
                     "yfun" : null
                  }
               ],
               "frequency" : [ 1, 1 ],
               "seed" : 0,
               "seed-combine" : true,
               "seed-hash" : "",
               "type" : "layered"
            },
            "threeDMaxY" : {
               "enabled" : false,
               "value" : 256
            },
            "threeDMinY" : {
               "enabled" : false,
               "value" : -64
            },
            "threeDSurfaceMaxY" : {
               "enabled" : false,
               "value" : 256
            },
            "threeDSurfaceMinY" : {
               "enabled" : false,
               "value" : 0
            },
            "threeDThresholdBias" : {
               "enabled" : true,
               "value" : 1
            },
            "threed_decorations" : null,
            "threed_substrate" : {
               "@collapsed" : false,
               "@name" : "Standard Substrate",
               "@position" : [ 8886, 9284 ],
               "@toggle-ceils" : false,
               "@toggle-strates" : false,
               "ceils" : [],
               "seed" : 0,
               "seed-combine" : true,
               "seed-hash" : "",
               "strates" : [
                  {
                     "averageDepth" : 32,
                     "blockType" : "WOOD_LUSH_LEAVES",
                     "depthNoise" : null,
                     "depthNoiseScale" : 3,
                     "maxGradient" : 5,
                     "maxY" : 256,
                     "metadata" : {
                        "@toggle-metadata" : true,
                        "maxGradient" : 5,
                        "maxThreshold" : 1,
                        "maxY" : 256,
                        "minGradient" : 0,
                        "minThreshold" : -1,
                        "minY" : 0,
                        "noise" : null
                     },
                     "minGradient" : 0,
                     "minY" : 0
                  }
               ],
               "type" : "standard"
            },
            "type" : "standard",
            "x" : null,
            "y" : null
         },
         "seed" : 0,
         "seed-combine" : false,
         "seed-hash" : "",
         "temperature" : {
            "enabled" : true,
            "value" : 0.63200002908706665
         },
         "type" : "standard",
         "vegetation" : {
            "enabled" : true,
            "value" : 0.9100000262260437
         },
         "weight" : 0.5
      },
      "links" : [
         {
            "blockConstraint" : 1779159312,
            "blockDefault" : "",
            "checkDefault" : true,
            "linkPath" : [
               {
                  "index" : -1,
                  "name" : "biome"
               },
               {
                  "index" : -1,
                  "name" : "fun"
               },
               {
                  "index" : -1,
                  "name" : "weight"
               }
            ],
            "linkType" : "LT:CUSTOM_SLIDER",
            "name" : "Biome Weight",
            "shortPath" : "algea_lake.weight",
            "sliderCheck" : false,
            "sliderDefault" : 0.70000004768371582,
            "sliderMax" : 1,
            "sliderMin" : 0,
            "sliderStep" : 0.0010000000474974513
         }
      ]
   },
   "generator" : {
      "@version" : 6,
      "biomeSize" : 24,
      "lowerSea" : {
         "level" : 16,
         "liquidType" : "LAVA"
      },
      "sea" : {
         "level" : 64,
         "liquidType" : "WATER"
      }
   },
   "seed" : "I has a seed!",
   "seed-hash" : "",
   "sharedConfig" : {
      "blockColors" : {
         "ASH_DEFAULT_BASE" : 1,
         "CRYSTAL_GLEAM_BASE" : 13,
         "FLORA_FLOWER_1" : 1,
         "FLORA_FLOWER_2" : 1,
         "FLORA_FLOWER_3" : 1,
         "FLORA_FLOWER_4" : 1,
         "GRASS_BARBED_BASE" : 8,
         "GRASS_GNARLED_BASE" : 7,
         "GRASS_VERDANT_BASE" : 9,
         "GRAVEL_DEFAULT_BASE" : 3,
         "GROWTH_DEFAULT_BASE" : 1,
         "ICE_DEFAULT_BASE" : 1,
         "ICE_GLACIER_BASE" : 1,
         "MOULD_DEFAULT_BASE" : 1,
         "MUD_DEFAULT_BASE" : 1,
         "ROCK_IGNEOUS_BASE" : 4,
         "ROCK_METAMORPHIC_BASE" : 5,
         "ROCK_SEDIMENTARY_BASE" : 6,
         "SAND_DEFAULT_BASE" : 16,
         "SOIL_CLAY_BASE" : 12,
         "SOIL_PEATY_BASE" : 3,
         "SOIL_SILTY_BASE" : 2,
         "SPONGE_DEFAULT_BASE" : 1,
         "TANGLE_DEFAULT_BASE" : 1,
         "THORNS_DEFAULT_BASE" : 1,
         "WOOD_ANCIENT_TRUNK" : 10,
         "WOOD_EXOTIC_LEAVES" : 15,
         "WOOD_LUSH_LEAVES" : 13,
         "WOOD_LUSTROUS_TRUNK" : 1,
         "WOOD_TWISTED_TRUNK" : 11,
         "WOOD_WAXY_LEAVES" : 14
      },
      "seed-hash" : "",
      "worldSize" : 288
   },
   "test" : {
      "@collapsed" : false,
      "@name" : "Reference Biome",
      "@position" : [ 8036, 9402 ],
      "embedded" : {
         "@collapsed" : false,
         "@configType" : "BIOME",
         "@name" : "algea_lake",
         "@position" : [ 7608, 7880 ],
         "@toggle-test" : false,
         "@toggle-world" : true,
         "@version" : 17,
         "biome" : {
            "fun" : {
               "@collapsed" : false,
               "@name" : "algea_lake",
               "@position" : [ 8036, 8180 ],
               "altitude" : {
                  "enabled" : true,
                  "value" : 0.27100002765655518
               },
               "humidity" : {
                  "enabled" : true,
                  "value" : 0.80000001192092896
               },
               "labels" : [
                  {
                     "label" : "tier_1"
                  },
                  {
                     "label" : "lush"
                  },
                  {
                     "label" : "lake"
                  },
                  {
                     "label" : "liquid"
                  },
                  {
                     "label" : "warm"
                  }
               ],
               "nameStyle" : "Lacuna",
               "part" : {
                  "@collapsed" : false,
                  "@name" : "algea_lake",
                  "@position" : [ 8462, 7859 ],
                  "@selector-open" : false,
                  "@toggle-caves" : true,
                  "@toggle-ccaves" : true,
                  "@toggle-csurface" : true,
                  "@toggle-cthreed" : true,
                  "@toggle-data" : true,
                  "@toggle-drop" : false,
                  "@toggle-heightmap" : true,
                  "@toggle-selector" : false,
                  "@toggle-stage" : true,
                  "@toggle-threed" : true,
                  "@toggle-visualise" : true,
                  "@x-name" : "x",
                  "@y-name" : "y",
                  "caveSurfaceShrink" : {
                     "enabled" : false,
                     "value" : 1
                  },
                  "caveThresholdBias" : {
                     "enabled" : true,
                     "value" : -1
                  },
                  "caves" : {
                     "@collapsed" : false,
                     "@name" : "Layered 3D",
                     "@position" : [ 8891, 8201 ],
                     "components" : [
                        {
                           "fun" : {
                              "@collapsed" : false,
                              "@name" : "tier_1_caves",
                              "@position" : [ 9191, 8253 ],
                              "frequency" : [ 1, 1 ],
                              "links" : [],
                              "reference" : "noise3d/caves/release/tier_1_caves.json",
                              "seed" : 2840125855102216963,
                              "seed-combine" : false,
                              "seed-hash" : "6qIPujHIsn6speZx",
                              "tick" : 0,
                              "type" : "reference"
                           },
                           "noiseMaxY" : 128,
                           "y" : 20,
                           "yfun" : null
                        },
                        {
                           "fun" : {
                              "@collapsed" : false,
                              "@name" : "Constant 3D",
                              "@position" : [ 9189, 8387 ],
                              "frequency" : [ 1, 1 ],
                              "type" : "constant",
                              "value" : -1
                           },
                           "noiseMaxY" : 128,
                           "y" : 20,
                           "yfun" : null
                        }
                     ],
                     "frequency" : [ 1, 1 ],
                     "seed" : 5838724533931592693,
                     "seed-combine" : true,
                     "seed-hash" : "IZMDCWGhzixIfxuX",
                     "type" : "layered"
                  },
                  "caves_decorations" : null,
                  "caves_substrate" : {
                     "@collapsed" : false,
                     "@name" : "tier_1_caves",
                     "@position" : [ 8892, 8944 ],
                     "links" : [],
                     "reference" : "substrate/caves/tier_1_caves.json",
                     "seed" : 15408175334311480782,
                     "seed-combine" : true,
                     "seed-hash" : "pmkJTYGjQmGVz8B8",
                     "tick" : 0,
                     "type" : "reference"
                  },
                  "distortion" : null,
                  "distortionStrength" : {
                     "enabled" : false,
                     "value" : 0
                  },
                  "drop" : null,
                  "dropMaxDepth" : {
                     "enabled" : false,
                     "value" : 5
                  },
                  "dropMaxGradient" : {
                     "enabled" : false,
                     "value" : 1.7699999809265137
                  },
                  "dropMaxNoGravel" : {
                     "enabled" : false,
                     "value" : 1
                  },
                  "heightmap" : {
                     "@collapsed" : false,
                     "@name" : "Min 2D",
                     "@position" : [ 8899, 7299 ],
                     "frequency" : 1,
                     "seed" : 0,
                     "seed-combine" : true,
                     "seed-hash" : "",
                     "terms" : [
                        {
                           "@collapsed" : false,
                           "@name" : "Sum 2D",
                           "@position" : [ 9203, 7183 ],
                           "frequency" : 1,
                           "seed" : 0,
                           "seed-combine" : true,
                           "seed-hash" : "",
                           "terms" : [
                              {
                                 "fun" : {
                                    "@collapsed" : false,
                                    "@name" : "Heightmap - Rolling Hills",
                                    "@position" : [ 9496, 7207 ],
                                    "frequency" : 0.71200001239776611,
                                    "links" : [
                                       {
                                          "linkPath" : [
                                             {
                                                "index" : -1,
                                                "name" : "noise2d"
                                             },
                                             {
                                                "index" : -1,
                                                "name" : "fun"
                                             },
                                             {
                                                "index" : -1,
                                                "name" : "terms"
                                             },
                                             {
                                                "index" : 0,
                                                "name" : ""
                                             },
                                             {
                                                "index" : -1,
                                                "name" : "multiplier"
                                             }
                                          ],
                                          "linkType" : "LT:CUSTOM_SLIDER",
                                          "sliderValue" : 2
                                       },
                                       {
                                          "linkPath" : [
                                             {
                                                "index" : -1,
                                                "name" : "noise2d"
                                             },
                                             {
                                                "index" : -1,
                                                "name" : "fun"
                                             },
                                             {
                                                "index" : -1,
                                                "name" : "terms"
                                             },
                                             {
                                                "index" : 1,
                                                "name" : ""
                                             },
                                             {
                                                "index" : -1,
                                                "name" : "multiplier"
                                             }
                                          ],
                                          "linkType" : "LT:CUSTOM_SLIDER",
                                          "sliderValue" : 1.0040000677108765
                                       }
                                    ],
                                    "reference" : "noise2d/heightmaps/rollinghills.json",
                                    "seed" : 2455343687293435752,
                                    "seed-combine" : true,
                                    "seed-hash" : "zGJUFiOnZLcaobAc",
                                    "tick" : 0,
                                    "type" : "reference"
                                 },
                                 "multiplier" : 0.056000001728534698,
                                 "power" : 1
                              },
                              {
                                 "fun" : {
                                    "@collapsed" : false,
                                    "@name" : "Constant 2D",
                                    "@position" : [ 9496, 7359 ],
                                    "frequency" : 1,
                                    "type" : "constant",
                                    "value" : -0.77300006151199341
                                 },
                                 "multiplier" : 1,
                                 "power" : 1
                              }
                           ],
                           "type" : "sum"
                        },
                        {
                           "@collapsed" : false,
                           "@name" : "water_system_1",
                           "@position" : [ 9204, 7493 ],
                           "frequency" : 1,
                           "links" : [],
                           "reference" : "noise2d/watersystems/water_system_1.json",
                           "seed" : 7577140515190446856,
                           "seed-combine" : true,
                           "seed-hash" : "vfKUd1LeyNQkxZRE",
                           "tick" : 0,
                           "type" : "reference"
                        }
                     ],
                     "type" : "min"
                  },
                  "heightmapBlockType" : "ROCK_METAMORPHIC_BASE",
                  "heightmapMaxY" : {
                     "enabled" : false,
                     "value" : 256
                  },
                  "heightmapMinY" : {
                     "enabled" : false,
                     "value" : 0
                  },
                  "parts" : [],
                  "seed" : 0,
                  "seed-combine" : true,
                  "seed-hash" : "",
                  "shrink" : null,
                  "strata" : {
                     "@collapsed" : false,
                     "@name" : "Join Strata",
                     "@position" : [ 8912, 8583 ],
                     "components" : [
                        {
                           "fun" : {
                              "@collapsed" : false,
                              "@name" : "Fill1",
                              "@position" : [ 9216, 8540 ],
                              "links" : [],
                              "reference" : "strata/fill1.json",
                              "seed" : 0,
                              "seed-combine" : true,
                              "seed-hash" : "",
                              "tick" : 1,
                              "type" : "reference"
                           },
                           "w" : 0.5
                        },
                        {
                           "fun" : {
                              "@collapsed" : false,
                              "@name" : "Fill2",
                              "@position" : [ 9216, 8623 ],
                              "links" : [],
                              "reference" : "strata/fill2.json",
                              "seed" : 0,
                              "seed-combine" : true,
                              "seed-hash" : "",
                              "tick" : 1,
                              "type" : "reference"
                           },
                           "w" : 0.5
                        },
                        {
                           "fun" : {
                              "@collapsed" : false,
                              "@name" : "Fill3",
                              "@position" : [ 9216, 8706 ],
                              "links" : [],
                              "reference" : "strata/fill3.json",
                              "seed" : 0,
                              "seed-combine" : true,
                              "seed-hash" : "",
                              "tick" : 1,
                              "type" : "reference"
                           },
                           "w" : 0.5
                        },
                        {
                           "fun" : {
                              "@collapsed" : false,
                              "@name" : "Fill4",
                              "@position" : [ 9216, 8789 ],
                              "links" : [],
                              "reference" : "strata/fill4.json",
                              "seed" : 0,
                              "seed-combine" : true,
                              "seed-hash" : "",
                              "tick" : 1,
                              "type" : "reference"
                           },
                           "w" : 0.5
                        },
                        {
                           "fun" : {
                              "@collapsed" : false,
                              "@name" : "Fill5",
                              "@position" : [ 9216, 8872 ],
                              "links" : [],
                              "reference" : "strata/fill5.json",
                              "seed" : 0,
                              "seed-combine" : true,
                              "seed-hash" : "",
                              "tick" : 1,
                              "type" : "reference"
                           },
                           "w" : 0.5
                        }
                     ],
                     "count" : 5,
                     "seed" : 0,
                     "seed-combine" : true,
                     "seed-hash" : "",
                     "type" : "join"
                  },
                  "surface_decorations" : {
                     "@collapsed" : false,
                     "@name" : "lake_bed",
                     "@position" : [ 8886, 9201 ],
                     "links" : [],
                     "reference" : "decorations/lake_bed.json",
                     "seed" : 0,
                     "seed-combine" : true,
                     "seed-hash" : "",
                     "tick" : 1,
                     "type" : "reference"
                  },
                  "surface_substrate" : {
                     "@collapsed" : false,
                     "@name" : "lake_bed",
                     "@position" : [ 8886, 9050 ],
                     "links" : [
                        {
                           "linkPath" : [
                              {
                                 "index" : -1,
                                 "name" : "substrate"
                              },
                              {
                                 "index" : -1,
                                 "name" : "fun"
                              },
                              {
                                 "index" : -1,
                                 "name" : "strates"
                              },
                              {
                                 "index" : 0,
                                 "name" : ""
                              },
                              {
                                 "index" : -1,
                                 "name" : "depthNoise"
                              },
                              {
                                 "index" : -1,
                                 "name" : "terms"
                              },
                              {
                                 "index" : 2,
                                 "name" : ""
                              },
                              {
                                 "index" : -1,
                                 "name" : "terms"
                              },
                              {
                                 "index" : 0,
                                 "name" : ""
                              },
                              {
                                 "index" : -1,
                                 "name" : "fun"
                              }
                           ],
                           "linkType" : "LT:NOISE_2D",
                           "nodeValue" : null
                        },
                        {
                           "linkPath" : [
                              {
                                 "index" : -1,
                                 "name" : "substrate"
                              },
                              {
                                 "index" : -1,
                                 "name" : "fun"
                              },
                              {
                                 "index" : -1,
                                 "name" : "strates"
                              },
                              {
                                 "index" : 2,
                                 "name" : ""
                              },
                              {
                                 "index" : -1,
                                 "name" : "depthNoise"
                              },
                              {
                                 "index" : -1,
                                 "name" : "terms"
                              },
                              {
                                 "index" : 1,
                                 "name" : ""
                              },
                              {
                                 "index" : -1,
                                 "name" : "terms"
                              },
                              {
                                 "index" : 0,
                                 "name" : ""
                              },
                              {
                                 "index" : -1,
                                 "name" : "fun"
                              }
                           ],
                           "linkType" : "LT:NOISE_2D",
                           "nodeValue" : null
                        },
                        {
                           "linkPath" : [
                              {
                                 "index" : -1,
                                 "name" : "substrate"
                              },
                              {
                                 "index" : -1,
                                 "name" : "fun"
                              },
                              {
                                 "index" : -1,
                                 "name" : "strates"
                              },
                              {
                                 "index" : 1,
                                 "name" : ""
                              },
                              {
                                 "index" : -1,
                                 "name" : "depthNoise"
                              },
                              {
                                 "index" : -1,
                                 "name" : "terms"
                              },
                              {
                                 "index" : 2,
                                 "name" : ""
                              },
                              {
                                 "index" : -1,
                                 "name" : "terms"
                              },
                              {
                                 "index" : 0,
                                 "name" : ""
                              },
                              {
                                 "index" : -1,
                                 "name" : "fun"
                              }
                           ],
                           "linkType" : "LT:NOISE_2D",
                           "nodeValue" : null
                        },
                        {
                           "linkPath" : [
                              {
                                 "index" : -1,
                                 "name" : "substrate"
                              },
                              {
                                 "index" : -1,
                                 "name" : "fun"
                              },
                              {
                                 "index" : -1,
                                 "name" : "strates"
                              },
                              {
                                 "index" : 3,
                                 "name" : ""
                              },
                              {
                                 "index" : -1,
                                 "name" : "depthNoise"
                              },
                              {
                                 "index" : -1,
                                 "name" : "terms"
                              },
                              {
                                 "index" : 1,
                                 "name" : ""
                              },
                              {
                                 "index" : -1,
                                 "name" : "terms"
                              },
                              {
                                 "index" : 0,
                                 "name" : ""
                              },
                              {
                                 "index" : -1,
                                 "name" : "fun"
                              }
                           ],
                           "linkType" : "LT:NOISE_2D",
                           "nodeValue" : null
                        }
                     ],
                     "reference" : "substrate/lake_bed.json",
                     "seed" : 0,
                     "seed-combine" : true,
                     "seed-hash" : "",
                     "tick" : 2,
                     "type" : "reference"
                  },
                  "threeD" : {
                     "@collapsed" : false,
                     "@name" : "Layered 3D",
                     "@position" : [ 8886, 7713 ],
                     "components" : [
                        {
                           "fun" : {
                              "@collapsed" : false,
                              "@name" : "Constant 3D",
                              "@position" : [ 9207, 7614 ],
                              "frequency" : [ 1, 1 ],
                              "type" : "constant",
                              "value" : 1
                           },
                           "noiseMaxY" : 128,
                           "y" : 63.511001586914063,
                           "yfun" : null
                        },
                        {
                           "fun" : {
                              "@collapsed" : false,
                              "@name" : "Sum 3D",
                              "@position" : [ 9207, 7779 ],
                              "frequency" : [ 1, 1 ],
                              "seed" : 0,
                              "seed-combine" : true,
                              "seed-hash" : "",
                              "terms" : [
                                 {
                                    "fun" : {
                                       "@collapsed" : false,
                                       "@name" : "Fractal 3D",
                                       "@position" : [ 9510, 7743 ],
                                       "frequency" : [
                                          {
                                             "max" : 2,
                                             "min" : 0.40000000596046448
                                          },
                                          2
                                       ],
                                       "fun" : {
                                          "@collapsed" : false,
                                          "@name" : "Perlin 3D",
                                          "@position" : [ 9793, 7815 ],
                                          "frequency" : [ 1, 1 ],
                                          "seed" : 5808606252525584249,
                                          "seed-combine" : true,
                                          "seed-hash" : "ijyjcJXZLj3Z25QR",
                                          "type" : "perlin"
                                       },
                                       "octaves" : [
                                          {
                                             "multiplier" : 1,
                                             "scale" : 1,
                                             "seed" : 2334870558733293985,
                                             "seed-combine" : true,
                                             "seed-hash" : "2pIceSxHuU8FYvrO"
                                          }
                                       ],
                                       "seed" : 9770708481120003290,
                                       "seed-combine" : true,
                                       "seed-hash" : "BwAXorKuN3VzEpG0",
                                       "type" : "fractal"
                                    },
                                    "multiplier" : 1,
                                    "power" : 1
                                 },
                                 {
                                    "fun" : {
                                       "@collapsed" : false,
                                       "@name" : "Constant 3D",
                                       "@position" : [ 9510, 8015 ],
                                       "frequency" : [ 1, 1 ],
                                       "type" : "constant",
                                       "value" : 0.49300003051757813
                                    },
                                    "multiplier" : 2,
                                    "power" : 1
                                 }
                              ],
                              "type" : "sum"
                           },
                           "noiseMaxY" : 128,
                           "y" : 65.387001037597656,
                           "yfun" : null
                        },
                        {
                           "fun" : {
                              "@collapsed" : false,
                              "@name" : "Constant 3D",
                              "@position" : [ 9207, 8144 ],
                              "frequency" : [ 1, 1 ],
                              "type" : "constant",
                              "value" : 1
                           },
                           "noiseMaxY" : 128,
                           "y" : 68.439002990722656,
                           "yfun" : null
                        }
                     ],
                     "frequency" : [ 1, 1 ],
                     "seed" : 0,
                     "seed-combine" : true,
                     "seed-hash" : "",
                     "type" : "layered"
                  },
                  "threeDMaxY" : {
                     "enabled" : false,
                     "value" : 256
                  },
                  "threeDMinY" : {
                     "enabled" : false,
                     "value" : -64
                  },
                  "threeDSurfaceMaxY" : {
                     "enabled" : false,
                     "value" : 256
                  },
                  "threeDSurfaceMinY" : {
                     "enabled" : false,
                     "value" : 0
                  },
                  "threeDThresholdBias" : {
                     "enabled" : true,
                     "value" : 1
                  },
                  "threed_decorations" : null,
                  "threed_substrate" : {
                     "@collapsed" : false,
                     "@name" : "Standard Substrate",
                     "@position" : [ 8886, 9284 ],
                     "@toggle-ceils" : false,
                     "@toggle-strates" : false,
                     "ceils" : [],
                     "seed" : 0,
                     "seed-combine" : true,
                     "seed-hash" : "",
                     "strates" : [
                        {
                           "averageDepth" : 32,
                           "blockType" : "WOOD_LUSH_LEAVES",
                           "depthNoise" : null,
                           "depthNoiseScale" : 3,
                           "maxGradient" : 5,
                           "maxY" : 256,
                           "metadata" : {
                              "@toggle-metadata" : true,
                              "maxGradient" : 5,
                              "maxThreshold" : 1,
                              "maxY" : 256,
                              "minGradient" : 0,
                              "minThreshold" : -1,
                              "minY" : 0,
                              "noise" : null
                           },
                           "minGradient" : 0,
                           "minY" : 0
                        }
                     ],
                     "type" : "standard"
                  },
                  "type" : "standard",
                  "x" : null,
                  "y" : null
               },
               "seed" : 0,
               "seed-combine" : false,
               "seed-hash" : "",
               "temperature" : {
                  "enabled" : true,
                  "value" : 0.63200002908706665
               },
               "type" : "standard",
               "vegetation" : {
                  "enabled" : true,
                  "value" : 0.9100000262260437
               },
               "weight" : 0.5
            },
            "links" : [
               {
                  "blockConstraint" : 1779159312,
                  "blockDefault" : "",
                  "checkDefault" : true,
                  "linkPath" : [
                     {
                        "index" : -1,
                        "name" : "biome"
                     },
                     {
                        "index" : -1,
                        "name" : "fun"
                     },
                     {
                        "index" : -1,
                        "name" : "weight"
                     }
                  ],
                  "linkType" : "LT:CUSTOM_SLIDER",
                  "name" : "Biome Weight",
                  "shortPath" : "algea_lake.weight",
                  "sliderCheck" : false,
                  "sliderDefault" : 0.70000004768371582,
                  "sliderMax" : 1,
                  "sliderMin" : 0,
                  "sliderStep" : 0.0010000000474974513
               }
            ]
         },
         "generator" : {
            "@version" : 6,
            "biomeSize" : 24,
            "lowerSea" : {
               "level" : 16,
               "liquidType" : "LAVA"
            },
            "sea" : {
               "level" : 64,
               "liquidType" : "WATER"
            }
         },
         "seed" : "I has a seed!",
         "sharedConfig" : {
            "blockColors" : {
               "ASH_DEFAULT_BASE" : 1,
               "CRYSTAL_GLEAM_BASE" : 13,
               "FLORA_FLOWER_1" : 1,
               "FLORA_FLOWER_2" : 1,
               "FLORA_FLOWER_3" : 1,
               "FLORA_FLOWER_4" : 1,
               "GRASS_BARBED_BASE" : 8,
               "GRASS_GNARLED_BASE" : 7,
               "GRASS_VERDANT_BASE" : 9,
               "GRAVEL_DEFAULT_BASE" : 3,
               "GROWTH_DEFAULT_BASE" : 1,
               "ICE_DEFAULT_BASE" : 1,
               "ICE_GLACIER_BASE" : 1,
               "MOULD_DEFAULT_BASE" : 1,
               "MUD_DEFAULT_BASE" : 1,
               "ROCK_IGNEOUS_BASE" : 4,
               "ROCK_METAMORPHIC_BASE" : 5,
               "ROCK_SEDIMENTARY_BASE" : 6,
               "SAND_DEFAULT_BASE" : 16,
               "SOIL_CLAY_BASE" : 12,
               "SOIL_PEATY_BASE" : 3,
               "SOIL_SILTY_BASE" : 2,
               "SPONGE_DEFAULT_BASE" : 1,
               "TANGLE_DEFAULT_BASE" : 1,
               "THORNS_DEFAULT_BASE" : 1,
               "WOOD_ANCIENT_TRUNK" : 10,
               "WOOD_EXOTIC_LEAVES" : 15,
               "WOOD_LUSH_LEAVES" : 13,
               "WOOD_LUSTROUS_TRUNK" : 1,
               "WOOD_TWISTED_TRUNK" : 11,
               "WOOD_WAXY_LEAVES" : 14
            },
            "worldSize" : 288
         },
         "test" : {
            "@collapsed" : false,
            "@name" : "Reference Biome",
            "@position" : [ 8036, 9402 ],
            "seed" : 0,
            "seed-combine" : true,
            "seed-hash" : "",
            "type" : "reference"
         }
      },
      "links" : [],
      "reference" : "",
      "seed" : 0,
      "seed-combine" : true,
      "seed-hash" : "",
      "tick" : 0,
      "type" : "reference"
   }
}
