{
   "@collapsed" : false,
   "@configType" : "BIOME",
   "@name" : "tier_1",
   "@position" : [ 7932, 8160 ],
   "@scroll" : [ 8275.60546875, 8320.37109375, -0.25 ],
   "@toggle-test" : false,
   "@toggle-world" : false,
   "@unlinked" : [],
   "@version" : 17,
   "biome" : {
      "fun" : {
         "@collapsed" : false,
         "@name" : "tier_1",
         "@position" : [ 8442, 7469 ],
         "components" : [
            {
               "fun" : {
                  "@collapsed" : false,
                  "@name" : "wetlands",
                  "@position" : [ 8948, 6445 ],
                  "links" : [
                     {
                        "linkPath" : [
                           {
                              "index" : -1,
                              "name" : "biome"
                           },
                           {
                              "index" : -1,
                              "name" : "fun"
                           },
                           {
                              "index" : -1,
                              "name" : "weight"
                           }
                        ],
                        "linkType" : "LT:CUSTOM_SLIDER",
                        "sliderValue" : 0.70000004768371582
                     }
                  ],
                  "reference" : "biomes/release/tier 1/wetlands.json",
                  "seed" : 14232999374528829831,
                  "seed-combine" : true,
                  "seed-hash" : "Yxd4ccbcXAJiGMVV",
                  "tick" : 0,
                  "type" : "reference"
               },
               "w" : 0.5
            },
            {
               "fun" : {
                  "@collapsed" : false,
                  "@name" : "temperate_forest",
                  "@position" : [ 8948, 6551 ],
                  "links" : [
                     {
                        "linkPath" : [
                           {
                              "index" : -1,
                              "name" : "biome"
                           },
                           {
                              "index" : -1,
                              "name" : "fun"
                           },
                           {
                              "index" : -1,
                              "name" : "weight"
                           }
                        ],
                        "linkType" : "LT:CUSTOM_SLIDER",
                        "sliderValue" : 0.80000001192092896
                     }
                  ],
                  "reference" : "biomes/release/tier 1/temperate_forest.json",
                  "seed" : 4496349889936870897,
                  "seed-combine" : true,
                  "seed-hash" : "40UpKb6qGwPPguR9",
                  "tick" : 0,
                  "type" : "reference"
               },
               "w" : 0.5
            },
            {
               "fun" : {
                  "@collapsed" : false,
                  "@name" : "sunflower_field",
                  "@position" : [ 8948, 6657 ],
                  "links" : [
                     {
                        "linkPath" : [
                           {
                              "index" : -1,
                              "name" : "biome"
                           },
                           {
                              "index" : -1,
                              "name" : "fun"
                           },
                           {
                              "index" : -1,
                              "name" : "weight"
                           }
                        ],
                        "linkType" : "LT:CUSTOM_SLIDER",
                        "sliderValue" : 0.5
                     }
                  ],
                  "reference" : "biomes/release/tier 1/sunflower_field.json",
                  "seed" : 8092247582507897022,
                  "seed-combine" : true,
                  "seed-hash" : "RwHfVu5P4hnDvq8Y",
                  "tick" : 0,
                  "type" : "reference"
               },
               "w" : 0.5
            },
            {
               "fun" : {
                  "@collapsed" : false,
                  "@name" : "stonehenge",
                  "@position" : [ 8948, 6763 ],
                  "links" : [
                     {
                        "linkPath" : [
                           {
                              "index" : -1,
                              "name" : "biome"
                           },
                           {
                              "index" : -1,
                              "name" : "fun"
                           },
                           {
                              "index" : -1,
                              "name" : "weight"
                           }
                        ],
                        "linkType" : "LT:CUSTOM_SLIDER",
                        "sliderValue" : 0.5
                     }
                  ],
                  "reference" : "biomes/release/tier 1/stonehenge.json",
                  "seed" : 3053205663653652955,
                  "seed-combine" : true,
                  "seed-hash" : "bttHfWhiOODN0ghX",
                  "tick" : 0,
                  "type" : "reference"
               },
               "w" : 0.5
            },
            {
               "fun" : {
                  "@collapsed" : false,
                  "@name" : "small_lakes",
                  "@position" : [ 8948, 6869 ],
                  "links" : [
                     {
                        "linkPath" : [
                           {
                              "index" : -1,
                              "name" : "biome"
                           },
                           {
                              "index" : -1,
                              "name" : "fun"
                           },
                           {
                              "index" : -1,
                              "name" : "weight"
                           }
                        ],
                        "linkType" : "LT:CUSTOM_SLIDER",
                        "sliderValue" : 0.5
                     }
                  ],
                  "reference" : "biomes/release/tier 1/small_lakes.json",
                  "seed" : 7808516476903953659,
                  "seed-combine" : true,
                  "seed-hash" : "Uej9lbgcak4vXOrU",
                  "tick" : 0,
                  "type" : "reference"
               },
               "w" : 0.5
            },
            {
               "fun" : {
                  "@collapsed" : false,
                  "@name" : "shrubland",
                  "@position" : [ 8948, 6975 ],
                  "links" : [
                     {
                        "linkPath" : [
                           {
                              "index" : -1,
                              "name" : "biome"
                           },
                           {
                              "index" : -1,
                              "name" : "fun"
                           },
                           {
                              "index" : -1,
                              "name" : "weight"
                           }
                        ],
                        "linkType" : "LT:CUSTOM_SLIDER",
                        "sliderValue" : 0.5
                     }
                  ],
                  "reference" : "biomes/release/tier 1/shrubland.json",
                  "seed" : 4555742015325140197,
                  "seed-combine" : true,
                  "seed-hash" : "QoqIJ55KQDmt5pbl",
                  "tick" : 0,
                  "type" : "reference"
               },
               "w" : 0.5
            },
            {
               "fun" : {
                  "@collapsed" : false,
                  "@name" : "savana",
                  "@position" : [ 8948, 7081 ],
                  "links" : [
                     {
                        "linkPath" : [
                           {
                              "index" : -1,
                              "name" : "biome"
                           },
                           {
                              "index" : -1,
                              "name" : "fun"
                           },
                           {
                              "index" : -1,
                              "name" : "weight"
                           }
                        ],
                        "linkType" : "LT:CUSTOM_SLIDER",
                        "sliderValue" : 0.70000004768371582
                     }
                  ],
                  "reference" : "biomes/release/tier 1/savana.json",
                  "seed" : 369019326380340416,
                  "seed-combine" : true,
                  "seed-hash" : "wg0zL6YmUwditjpL",
                  "tick" : 0,
                  "type" : "reference"
               },
               "w" : 0.5
            },
            {
               "fun" : {
                  "@collapsed" : false,
                  "@name" : "rolling_hills",
                  "@position" : [ 8948, 7187 ],
                  "links" : [
                     {
                        "linkPath" : [
                           {
                              "index" : -1,
                              "name" : "biome"
                           },
                           {
                              "index" : -1,
                              "name" : "fun"
                           },
                           {
                              "index" : -1,
                              "name" : "weight"
                           }
                        ],
                        "linkType" : "LT:CUSTOM_SLIDER",
                        "sliderValue" : 0.60000002384185791
                     }
                  ],
                  "reference" : "biomes/release/tier 1/rolling_hills.json",
                  "seed" : 1038377033463644253,
                  "seed-combine" : true,
                  "seed-hash" : "9c5jtDk4C8hPrZd6",
                  "tick" : 0,
                  "type" : "reference"
               },
               "w" : 0.5
            },
            {
               "fun" : {
                  "@collapsed" : false,
                  "@name" : "praire",
                  "@position" : [ 8948, 7293 ],
                  "links" : [
                     {
                        "linkPath" : [
                           {
                              "index" : -1,
                              "name" : "biome"
                           },
                           {
                              "index" : -1,
                              "name" : "fun"
                           },
                           {
                              "index" : -1,
                              "name" : "weight"
                           }
                        ],
                        "linkType" : "LT:CUSTOM_SLIDER",
                        "sliderValue" : 0.5
                     }
                  ],
                  "reference" : "biomes/release/tier 1/praire.json",
                  "seed" : 6951693576298082772,
                  "seed-combine" : true,
                  "seed-hash" : "tZqmpnzSkoWvpBM5",
                  "tick" : 0,
                  "type" : "reference"
               },
               "w" : 0.5
            },
            {
               "fun" : {
                  "@collapsed" : false,
                  "@name" : "pleasant_swamp",
                  "@position" : [ 8948, 7399 ],
                  "links" : [
                     {
                        "linkPath" : [
                           {
                              "index" : -1,
                              "name" : "biome"
                           },
                           {
                              "index" : -1,
                              "name" : "fun"
                           },
                           {
                              "index" : -1,
                              "name" : "weight"
                           }
                        ],
                        "linkType" : "LT:CUSTOM_SLIDER",
                        "sliderValue" : 0.5
                     }
                  ],
                  "reference" : "biomes/release/tier 1/pleasant_swamp.json",
                  "seed" : 5378787405042425397,
                  "seed-combine" : true,
                  "seed-hash" : "BcplCO06ohjPQjcz",
                  "tick" : 0,
                  "type" : "reference"
               },
               "w" : 0.5
            },
            {
               "fun" : {
                  "@collapsed" : false,
                  "@name" : "deep_sea",
                  "@position" : [ 8948, 7505 ],
                  "links" : [
                     {
                        "linkPath" : [
                           {
                              "index" : -1,
                              "name" : "biome"
                           },
                           {
                              "index" : -1,
                              "name" : "fun"
                           },
                           {
                              "index" : -1,
                              "name" : "weight"
                           }
                        ],
                        "linkType" : "LT:CUSTOM_SLIDER",
                        "sliderValue" : 0.5
                     }
                  ],
                  "reference" : "biomes/release/tier 1/deep_sea.json",
                  "seed" : 3385632683239822588,
                  "seed-combine" : true,
                  "seed-hash" : "FRVW69yNT4SOoyFr",
                  "tick" : 0,
                  "type" : "reference"
               },
               "w" : 0.5
            },
            {
               "fun" : {
                  "@collapsed" : false,
                  "@name" : "farm_fields",
                  "@position" : [ 8948, 7611 ],
                  "links" : [
                     {
                        "linkPath" : [
                           {
                              "index" : -1,
                              "name" : "biome"
                           },
                           {
                              "index" : -1,
                              "name" : "fun"
                           },
                           {
                              "index" : -1,
                              "name" : "weight"
                           }
                        ],
                        "linkType" : "LT:CUSTOM_SLIDER",
                        "sliderValue" : 0.60000002384185791
                     }
                  ],
                  "reference" : "biomes/release/tier 1/farm_fields.json",
                  "seed" : 8661961629176111296,
                  "seed-combine" : true,
                  "seed-hash" : "hWYJAg8cBumetGWF",
                  "tick" : 0,
                  "type" : "reference"
               },
               "w" : 0.5
            },
            {
               "fun" : {
                  "@collapsed" : false,
                  "@name" : "orchard",
                  "@position" : [ 8948, 7717 ],
                  "links" : [
                     {
                        "linkPath" : [
                           {
                              "index" : -1,
                              "name" : "biome"
                           },
                           {
                              "index" : -1,
                              "name" : "fun"
                           },
                           {
                              "index" : -1,
                              "name" : "weight"
                           }
                        ],
                        "linkType" : "LT:CUSTOM_SLIDER",
                        "sliderValue" : 0.5
                     }
                  ],
                  "reference" : "biomes/release/tier 1/orchard.json",
                  "seed" : 5671807327018355558,
                  "seed-combine" : true,
                  "seed-hash" : "XzSpopEPWh0C3EqX",
                  "tick" : 0,
                  "type" : "reference"
               },
               "w" : 0.5
            },
            {
               "fun" : {
                  "@collapsed" : false,
                  "@name" : "mud_flats",
                  "@position" : [ 8948, 7823 ],
                  "links" : [
                     {
                        "linkPath" : [
                           {
                              "index" : -1,
                              "name" : "biome"
                           },
                           {
                              "index" : -1,
                              "name" : "fun"
                           },
                           {
                              "index" : -1,
                              "name" : "weight"
                           }
                        ],
                        "linkType" : "LT:CUSTOM_SLIDER",
                        "sliderValue" : 0.5
                     }
                  ],
                  "reference" : "biomes/release/tier 1/mud_flats.json",
                  "seed" : 3552831369174584155,
                  "seed-combine" : true,
                  "seed-hash" : "6p1GgaebRL2t3X5z",
                  "tick" : 0,
                  "type" : "reference"
               },
               "w" : 0.5
            },
            {
               "fun" : {
                  "@collapsed" : false,
                  "@name" : "meadows",
                  "@position" : [ 8948, 7929 ],
                  "links" : [
                     {
                        "linkPath" : [
                           {
                              "index" : -1,
                              "name" : "biome"
                           },
                           {
                              "index" : -1,
                              "name" : "fun"
                           },
                           {
                              "index" : -1,
                              "name" : "weight"
                           }
                        ],
                        "linkType" : "LT:CUSTOM_SLIDER",
                        "sliderValue" : 0.5
                     }
                  ],
                  "reference" : "biomes/release/tier 1/meadows.json",
                  "seed" : 1887037039550053004,
                  "seed-combine" : true,
                  "seed-hash" : "BViBKSUPBiM9xGoZ",
                  "tick" : 0,
                  "type" : "reference"
               },
               "w" : 0.5
            },
            {
               "fun" : {
                  "@collapsed" : false,
                  "@name" : "mass_rivers",
                  "@position" : [ 8948, 8035 ],
                  "links" : [
                     {
                        "linkPath" : [
                           {
                              "index" : -1,
                              "name" : "biome"
                           },
                           {
                              "index" : -1,
                              "name" : "fun"
                           },
                           {
                              "index" : -1,
                              "name" : "weight"
                           }
                        ],
                        "linkType" : "LT:CUSTOM_SLIDER",
                        "sliderValue" : 0.5
                     }
                  ],
                  "reference" : "biomes/release/tier 1/mass_rivers.json",
                  "seed" : 3656697220662287719,
                  "seed-combine" : true,
                  "seed-hash" : "XFchmwid66HQFO0u",
                  "tick" : 0,
                  "type" : "reference"
               },
               "w" : 0.5
            },
            {
               "fun" : {
                  "@collapsed" : false,
                  "@name" : "lowlands",
                  "@position" : [ 8948, 8141 ],
                  "links" : [
                     {
                        "linkPath" : [
                           {
                              "index" : -1,
                              "name" : "biome"
                           },
                           {
                              "index" : -1,
                              "name" : "fun"
                           },
                           {
                              "index" : -1,
                              "name" : "weight"
                           }
                        ],
                        "linkType" : "LT:CUSTOM_SLIDER",
                        "sliderValue" : 0.5
                     }
                  ],
                  "reference" : "biomes/release/tier 1/lowlands.json",
                  "seed" : 5602000466188797624,
                  "seed-combine" : true,
                  "seed-hash" : "pNgTnJc3BlmFYdTl",
                  "tick" : 0,
                  "type" : "reference"
               },
               "w" : 0.5
            },
            {
               "fun" : {
                  "@collapsed" : false,
                  "@name" : "lake",
                  "@position" : [ 8948, 8247 ],
                  "links" : [
                     {
                        "linkPath" : [
                           {
                              "index" : -1,
                              "name" : "biome"
                           },
                           {
                              "index" : -1,
                              "name" : "fun"
                           },
                           {
                              "index" : -1,
                              "name" : "weight"
                           }
                        ],
                        "linkType" : "LT:CUSTOM_SLIDER",
                        "sliderValue" : 0.5
                     }
                  ],
                  "reference" : "biomes/release/tier 1/lake.json",
                  "seed" : 12302614528171485704,
                  "seed-combine" : true,
                  "seed-hash" : "SzR5NZDCAAcYe2ef",
                  "tick" : 0,
                  "type" : "reference"
               },
               "w" : 0.5
            },
            {
               "fun" : {
                  "@collapsed" : false,
                  "@name" : "grassy_dunes",
                  "@position" : [ 8948, 8353 ],
                  "links" : [
                     {
                        "linkPath" : [
                           {
                              "index" : -1,
                              "name" : "biome"
                           },
                           {
                              "index" : -1,
                              "name" : "fun"
                           },
                           {
                              "index" : -1,
                              "name" : "weight"
                           }
                        ],
                        "linkType" : "LT:CUSTOM_SLIDER",
                        "sliderValue" : 0.5
                     }
                  ],
                  "reference" : "biomes/release/tier 1/grassy_dunes.json",
                  "seed" : 340871401267066689,
                  "seed-combine" : true,
                  "seed-hash" : "ME5g8dybD6sLk3hH",
                  "tick" : 0,
                  "type" : "reference"
               },
               "w" : 0.5
            },
            {
               "fun" : {
                  "@collapsed" : false,
                  "@name" : "grassland",
                  "@position" : [ 8948, 8459 ],
                  "links" : [
                     {
                        "linkPath" : [
                           {
                              "index" : -1,
                              "name" : "biome"
                           },
                           {
                              "index" : -1,
                              "name" : "fun"
                           },
                           {
                              "index" : -1,
                              "name" : "weight"
                           }
                        ],
                        "linkType" : "LT:CUSTOM_SLIDER",
                        "sliderValue" : 0.5
                     }
                  ],
                  "reference" : "biomes/release/tier 1/grassland.json",
                  "seed" : 2128264776816842900,
                  "seed-combine" : true,
                  "seed-hash" : "YvC4mXRkeh3Za4di",
                  "tick" : 0,
                  "type" : "reference"
               },
               "w" : 0.5
            },
            {
               "fun" : {
                  "@collapsed" : false,
                  "@name" : "golf_course",
                  "@position" : [ 8948, 8565 ],
                  "links" : [
                     {
                        "linkPath" : [
                           {
                              "index" : -1,
                              "name" : "biome"
                           },
                           {
                              "index" : -1,
                              "name" : "fun"
                           },
                           {
                              "index" : -1,
                              "name" : "weight"
                           }
                        ],
                        "linkType" : "LT:CUSTOM_SLIDER",
                        "sliderValue" : 0.40000000596046448
                     }
                  ],
                  "reference" : "biomes/release/tier 1/golf_course.json",
                  "seed" : 2549920723604401611,
                  "seed-combine" : true,
                  "seed-hash" : "zMDHLR9qM1r2vg4f",
                  "tick" : 0,
                  "type" : "reference"
               },
               "w" : 0.5
            },
            {
               "fun" : {
                  "@collapsed" : false,
                  "@name" : "garden_lawn",
                  "@position" : [ 8948, 8671 ],
                  "links" : [
                     {
                        "linkPath" : [
                           {
                              "index" : -1,
                              "name" : "biome"
                           },
                           {
                              "index" : -1,
                              "name" : "fun"
                           },
                           {
                              "index" : -1,
                              "name" : "weight"
                           }
                        ],
                        "linkType" : "LT:CUSTOM_SLIDER",
                        "sliderValue" : 0.5
                     }
                  ],
                  "reference" : "biomes/release/tier 1/garden_lawn.json",
                  "seed" : 14101548556366376482,
                  "seed-combine" : true,
                  "seed-hash" : "OEGgL3IRl2u1PCxB",
                  "tick" : 0,
                  "type" : "reference"
               },
               "w" : 0.5
            },
            {
               "fun" : {
                  "@collapsed" : false,
                  "@name" : "forest_ponds",
                  "@position" : [ 8948, 8777 ],
                  "links" : [
                     {
                        "linkPath" : [
                           {
                              "index" : -1,
                              "name" : "biome"
                           },
                           {
                              "index" : -1,
                              "name" : "fun"
                           },
                           {
                              "index" : -1,
                              "name" : "weight"
                           }
                        ],
                        "linkType" : "LT:CUSTOM_SLIDER",
                        "sliderValue" : 0.60000002384185791
                     }
                  ],
                  "reference" : "biomes/release/tier 1/forest_ponds.json",
                  "seed" : 13328043517008626825,
                  "seed-combine" : true,
                  "seed-hash" : "YeveTukxzklahdVJ",
                  "tick" : 0,
                  "type" : "reference"
               },
               "w" : 0.5
            },
            {
               "fun" : {
                  "@collapsed" : false,
                  "@name" : "dead_coniferous_forest",
                  "@position" : [ 8948, 8883 ],
                  "links" : [
                     {
                        "linkPath" : [
                           {
                              "index" : -1,
                              "name" : "biome"
                           },
                           {
                              "index" : -1,
                              "name" : "fun"
                           },
                           {
                              "index" : -1,
                              "name" : "weight"
                           }
                        ],
                        "linkType" : "LT:CUSTOM_SLIDER",
                        "sliderValue" : 0.5
                     }
                  ],
                  "reference" : "biomes/release/tier 1/dead_coniferous_forest.json",
                  "seed" : 7635125246920997343,
                  "seed-combine" : true,
                  "seed-hash" : "K83wmO9T81bOfzlx",
                  "tick" : 0,
                  "type" : "reference"
               },
               "w" : 0.5
            },
            {
               "fun" : {
                  "@collapsed" : false,
                  "@name" : "crop_circles",
                  "@position" : [ 8948, 8989 ],
                  "links" : [
                     {
                        "linkPath" : [
                           {
                              "index" : -1,
                              "name" : "biome"
                           },
                           {
                              "index" : -1,
                              "name" : "fun"
                           },
                           {
                              "index" : -1,
                              "name" : "weight"
                           }
                        ],
                        "linkType" : "LT:CUSTOM_SLIDER",
                        "sliderValue" : 0.5
                     }
                  ],
                  "reference" : "biomes/release/tier 1/crop_cricles.json",
                  "seed" : 7094403566681124183,
                  "seed-combine" : true,
                  "seed-hash" : "EiMVQfu141mIpbib",
                  "tick" : 0,
                  "type" : "reference"
               },
               "w" : 0.5
            },
            {
               "fun" : {
                  "@collapsed" : false,
                  "@name" : "coniferous_forest",
                  "@position" : [ 8948, 9095 ],
                  "links" : [
                     {
                        "linkPath" : [
                           {
                              "index" : -1,
                              "name" : "biome"
                           },
                           {
                              "index" : -1,
                              "name" : "fun"
                           },
                           {
                              "index" : -1,
                              "name" : "weight"
                           }
                        ],
                        "linkType" : "LT:CUSTOM_SLIDER",
                        "sliderValue" : 0.60000002384185791
                     }
                  ],
                  "reference" : "biomes/release/tier 1/coniferous_forest.json",
                  "seed" : 401670921809896066,
                  "seed-combine" : true,
                  "seed-hash" : "WI7Mta12sR80dONM",
                  "tick" : 0,
                  "type" : "reference"
               },
               "w" : 0.5
            },
            {
               "fun" : {
                  "@collapsed" : false,
                  "@name" : "carved_path",
                  "@position" : [ 8948, 9201 ],
                  "links" : [
                     {
                        "linkPath" : [
                           {
                              "index" : -1,
                              "name" : "biome"
                           },
                           {
                              "index" : -1,
                              "name" : "fun"
                           },
                           {
                              "index" : -1,
                              "name" : "weight"
                           }
                        ],
                        "linkType" : "LT:CUSTOM_SLIDER",
                        "sliderValue" : 0.5
                     }
                  ],
                  "reference" : "biomes/release/tier 1/carved_path.json",
                  "seed" : 14030334300875138177,
                  "seed-combine" : true,
                  "seed-hash" : "pVBitoWxPNNARjWg",
                  "tick" : 0,
                  "type" : "reference"
               },
               "w" : 0.5
            },
            {
               "fun" : {
                  "@collapsed" : false,
                  "@name" : "bushlands",
                  "@position" : [ 8948, 9307 ],
                  "links" : [
                     {
                        "linkPath" : [
                           {
                              "index" : -1,
                              "name" : "biome"
                           },
                           {
                              "index" : -1,
                              "name" : "fun"
                           },
                           {
                              "index" : -1,
                              "name" : "weight"
                           }
                        ],
                        "linkType" : "LT:CUSTOM_SLIDER",
                        "sliderValue" : 0.5
                     }
                  ],
                  "reference" : "biomes/release/tier 1/bushlands.json",
                  "seed" : 8676317073456845543,
                  "seed-combine" : true,
                  "seed-hash" : "1Z3Cfa7euX34khvu",
                  "tick" : 0,
                  "type" : "reference"
               },
               "w" : 0.5
            },
            {
               "fun" : {
                  "@collapsed" : false,
                  "@name" : "boreal",
                  "@position" : [ 8948, 9413 ],
                  "links" : [
                     {
                        "linkPath" : [
                           {
                              "index" : -1,
                              "name" : "biome"
                           },
                           {
                              "index" : -1,
                              "name" : "fun"
                           },
                           {
                              "index" : -1,
                              "name" : "weight"
                           }
                        ],
                        "linkType" : "LT:CUSTOM_SLIDER",
                        "sliderValue" : 0.90000003576278687
                     }
                  ],
                  "reference" : "biomes/release/tier 1/boreal.json",
                  "seed" : 2035095136728009484,
                  "seed-combine" : true,
                  "seed-hash" : "MVAdhySfiJRebrTz",
                  "tick" : 0,
                  "type" : "reference"
               },
               "w" : 0.5
            },
            {
               "fun" : {
                  "@collapsed" : false,
                  "@name" : "algea_lake",
                  "@position" : [ 8948, 9519 ],
                  "links" : [
                     {
                        "linkPath" : [
                           {
                              "index" : -1,
                              "name" : "biome"
                           },
                           {
                              "index" : -1,
                              "name" : "fun"
                           },
                           {
                              "index" : -1,
                              "name" : "weight"
                           }
                        ],
                        "linkType" : "LT:CUSTOM_SLIDER",
                        "sliderValue" : 0.70000004768371582
                     }
                  ],
                  "reference" : "biomes/release/tier 1/algea_lake.json",
                  "seed" : 11134475550053628897,
                  "seed-combine" : true,
                  "seed-hash" : "y2neWRXBA4piu4Si",
                  "tick" : 0,
                  "type" : "reference"
               },
               "w" : 0.5
            },
            {
               "fun" : {
                  "@collapsed" : false,
                  "@name" : "flower_field",
                  "@position" : [ 8948, 9625 ],
                  "links" : [
                     {
                        "linkPath" : [
                           {
                              "index" : -1,
                              "name" : "biome"
                           },
                           {
                              "index" : -1,
                              "name" : "fun"
                           },
                           {
                              "index" : -1,
                              "name" : "weight"
                           }
                        ],
                        "linkType" : "LT:CUSTOM_SLIDER",
                        "sliderValue" : 0.5
                     }
                  ],
                  "reference" : "biomes/release/tier 1/flower_field.json",
                  "seed" : 18228597635912614149,
                  "seed-combine" : true,
                  "seed-hash" : "UsVF9DzqWxzxfol2",
                  "tick" : 0,
                  "type" : "reference"
               },
               "w" : 0.5
            },
            {
               "fun" : {
                  "@collapsed" : false,
                  "@name" : "bamboo_forest",
                  "@position" : [ 8948, 9731 ],
                  "links" : [
                     {
                        "linkPath" : [
                           {
                              "index" : -1,
                              "name" : "biome"
                           },
                           {
                              "index" : -1,
                              "name" : "fun"
                           },
                           {
                              "index" : -1,
                              "name" : "weight"
                           }
                        ],
                        "linkType" : "LT:CUSTOM_SLIDER",
                        "sliderValue" : 0.5
                     }
                  ],
                  "reference" : "biomes/release/tier 1/bamboo_forest.json",
                  "seed" : 5671807327018355558,
                  "seed-combine" : true,
                  "seed-hash" : "XzSpopEPWh0C3EqX",
                  "tick" : 0,
                  "type" : "reference"
               },
               "w" : 0.5
            },
            {
               "fun" : {
                  "@collapsed" : false,
                  "@name" : "rock_pond",
                  "@position" : [ 8948, 9837 ],
                  "links" : [
                     {
                        "linkPath" : [
                           {
                              "index" : -1,
                              "name" : "biome"
                           },
                           {
                              "index" : -1,
                              "name" : "fun"
                           },
                           {
                              "index" : -1,
                              "name" : "weight"
                           }
                        ],
                        "linkType" : "LT:CUSTOM_SLIDER",
                        "sliderValue" : 0.5
                     }
                  ],
                  "reference" : "biomes/release/tier 1/rock_pond.json",
                  "seed" : 14390909248067807127,
                  "seed-combine" : true,
                  "seed-hash" : "TMroJCn29c78q3LO",
                  "tick" : 0,
                  "type" : "reference"
               },
               "w" : 0.5
            }
         ],
         "count" : 33,
         "seed" : 12966061174759714655,
         "seed-combine" : true,
         "seed-hash" : "1hBSqVnx0YRrHkBu",
         "type" : "join"
      },
      "links" : []
   },
   "generator" : {
      "@version" : 6,
      "biomeSize" : 24,
      "lowerSea" : {
         "level" : 16,
         "liquidType" : "WATER"
      },
      "sea" : {
         "level" : 64,
         "liquidType" : "WATER"
      }
   },
   "seed" : "I has a seed!",
   "sharedConfig" : {
      "blockColors" : {
         "ASH_DEFAULT_BASE" : 1,
         "CRYSTAL_GLEAM_BASE" : 13,
         "FLORA_FLOWER_1" : 1,
         "FLORA_FLOWER_2" : 1,
         "FLORA_FLOWER_3" : 1,
         "FLORA_FLOWER_4" : 1,
         "GRASS_BARBED_BASE" : 8,
         "GRASS_GNARLED_BASE" : 7,
         "GRASS_VERDANT_BASE" : 9,
         "GRAVEL_DEFAULT_BASE" : 16,
         "GROWTH_DEFAULT_BASE" : 1,
         "ICE_DEFAULT_BASE" : 1,
         "ICE_GLACIER_BASE" : 1,
         "MOULD_DEFAULT_BASE" : 1,
         "MUD_DEFAULT_BASE" : 1,
         "ROCK_IGNEOUS_BASE" : 4,
         "ROCK_METAMORPHIC_BASE" : 5,
         "ROCK_SEDIMENTARY_BASE" : 6,
         "SAND_DEFAULT_BASE" : 16,
         "SOIL_CLAY_BASE" : 1,
         "SOIL_PEATY_BASE" : 3,
         "SOIL_SILTY_BASE" : 2,
         "SPONGE_DEFAULT_BASE" : 1,
         "TANGLE_DEFAULT_BASE" : 1,
         "THORNS_DEFAULT_BASE" : 1,
         "WOOD_ANCIENT_TRUNK" : 10,
         "WOOD_EXOTIC_LEAVES" : 15,
         "WOOD_LUSH_LEAVES" : 13,
         "WOOD_LUSTROUS_TRUNK" : 1,
         "WOOD_TWISTED_TRUNK" : 11,
         "WOOD_WAXY_LEAVES" : 14
      },
      "worldSize" : 288
   },
   "test" : {
      "@collapsed" : false,
      "@name" : "Reference Biome",
      "@position" : [ 8442, 9942 ],
      "embedded" : {
         "@collapsed" : false,
         "@configType" : "BIOME",
         "@name" : "tier_1",
         "@position" : [ 7932, 8160 ],
         "@toggle-test" : false,
         "@toggle-world" : false,
         "@version" : 17,
         "biome" : {
            "fun" : {
               "@collapsed" : false,
               "@name" : "tier_1",
               "@position" : [ 8442, 7469 ],
               "components" : [
                  {
                     "fun" : {
                        "@collapsed" : false,
                        "@name" : "wetlands",
                        "@position" : [ 8948, 6445 ],
                        "links" : [
                           {
                              "linkPath" : [
                                 {
                                    "index" : -1,
                                    "name" : "biome"
                                 },
                                 {
                                    "index" : -1,
                                    "name" : "fun"
                                 },
                                 {
                                    "index" : -1,
                                    "name" : "weight"
                                 }
                              ],
                              "linkType" : "LT:CUSTOM_SLIDER",
                              "sliderValue" : 0.70000004768371582
                           }
                        ],
                        "reference" : "biomes/release/tier 1/wetlands.json",
                        "seed" : 14232999374528829831,
                        "seed-combine" : true,
                        "seed-hash" : "Yxd4ccbcXAJiGMVV",
                        "tick" : 0,
                        "type" : "reference"
                     },
                     "w" : 0.5
                  },
                  {
                     "fun" : {
                        "@collapsed" : false,
                        "@name" : "temperate_forest",
                        "@position" : [ 8948, 6551 ],
                        "links" : [
                           {
                              "linkPath" : [
                                 {
                                    "index" : -1,
                                    "name" : "biome"
                                 },
                                 {
                                    "index" : -1,
                                    "name" : "fun"
                                 },
                                 {
                                    "index" : -1,
                                    "name" : "weight"
                                 }
                              ],
                              "linkType" : "LT:CUSTOM_SLIDER",
                              "sliderValue" : 0.80000001192092896
                           }
                        ],
                        "reference" : "biomes/release/tier 1/temperate_forest.json",
                        "seed" : 4496349889936870897,
                        "seed-combine" : true,
                        "seed-hash" : "40UpKb6qGwPPguR9",
                        "tick" : 0,
                        "type" : "reference"
                     },
                     "w" : 0.5
                  },
                  {
                     "fun" : {
                        "@collapsed" : false,
                        "@name" : "sunflower_field",
                        "@position" : [ 8948, 6657 ],
                        "links" : [
                           {
                              "linkPath" : [
                                 {
                                    "index" : -1,
                                    "name" : "biome"
                                 },
                                 {
                                    "index" : -1,
                                    "name" : "fun"
                                 },
                                 {
                                    "index" : -1,
                                    "name" : "weight"
                                 }
                              ],
                              "linkType" : "LT:CUSTOM_SLIDER",
                              "sliderValue" : 0.5
                           }
                        ],
                        "reference" : "biomes/release/tier 1/sunflower_field.json",
                        "seed" : 8092247582507897022,
                        "seed-combine" : true,
                        "seed-hash" : "RwHfVu5P4hnDvq8Y",
                        "tick" : 0,
                        "type" : "reference"
                     },
                     "w" : 0.5
                  },
                  {
                     "fun" : {
                        "@collapsed" : false,
                        "@name" : "stonehenge",
                        "@position" : [ 8948, 6763 ],
                        "links" : [
                           {
                              "linkPath" : [
                                 {
                                    "index" : -1,
                                    "name" : "biome"
                                 },
                                 {
                                    "index" : -1,
                                    "name" : "fun"
                                 },
                                 {
                                    "index" : -1,
                                    "name" : "weight"
                                 }
                              ],
                              "linkType" : "LT:CUSTOM_SLIDER",
                              "sliderValue" : 0.5
                           }
                        ],
                        "reference" : "biomes/release/tier 1/stonehenge.json",
                        "seed" : 3053205663653652955,
                        "seed-combine" : true,
                        "seed-hash" : "bttHfWhiOODN0ghX",
                        "tick" : 0,
                        "type" : "reference"
                     },
                     "w" : 0.5
                  },
                  {
                     "fun" : {
                        "@collapsed" : false,
                        "@name" : "small_lakes",
                        "@position" : [ 8948, 6869 ],
                        "links" : [
                           {
                              "linkPath" : [
                                 {
                                    "index" : -1,
                                    "name" : "biome"
                                 },
                                 {
                                    "index" : -1,
                                    "name" : "fun"
                                 },
                                 {
                                    "index" : -1,
                                    "name" : "weight"
                                 }
                              ],
                              "linkType" : "LT:CUSTOM_SLIDER",
                              "sliderValue" : 0.5
                           }
                        ],
                        "reference" : "biomes/release/tier 1/small_lakes.json",
                        "seed" : 7808516476903953659,
                        "seed-combine" : true,
                        "seed-hash" : "Uej9lbgcak4vXOrU",
                        "tick" : 0,
                        "type" : "reference"
                     },
                     "w" : 0.5
                  },
                  {
                     "fun" : {
                        "@collapsed" : false,
                        "@name" : "shrubland",
                        "@position" : [ 8948, 6975 ],
                        "links" : [
                           {
                              "linkPath" : [
                                 {
                                    "index" : -1,
                                    "name" : "biome"
                                 },
                                 {
                                    "index" : -1,
                                    "name" : "fun"
                                 },
                                 {
                                    "index" : -1,
                                    "name" : "weight"
                                 }
                              ],
                              "linkType" : "LT:CUSTOM_SLIDER",
                              "sliderValue" : 0.5
                           }
                        ],
                        "reference" : "biomes/release/tier 1/shrubland.json",
                        "seed" : 4555742015325140197,
                        "seed-combine" : true,
                        "seed-hash" : "QoqIJ55KQDmt5pbl",
                        "tick" : 0,
                        "type" : "reference"
                     },
                     "w" : 0.5
                  },
                  {
                     "fun" : {
                        "@collapsed" : false,
                        "@name" : "savana",
                        "@position" : [ 8948, 7081 ],
                        "links" : [
                           {
                              "linkPath" : [
                                 {
                                    "index" : -1,
                                    "name" : "biome"
                                 },
                                 {
                                    "index" : -1,
                                    "name" : "fun"
                                 },
                                 {
                                    "index" : -1,
                                    "name" : "weight"
                                 }
                              ],
                              "linkType" : "LT:CUSTOM_SLIDER",
                              "sliderValue" : 0.70000004768371582
                           }
                        ],
                        "reference" : "biomes/release/tier 1/savana.json",
                        "seed" : 369019326380340416,
                        "seed-combine" : true,
                        "seed-hash" : "wg0zL6YmUwditjpL",
                        "tick" : 0,
                        "type" : "reference"
                     },
                     "w" : 0.5
                  },
                  {
                     "fun" : {
                        "@collapsed" : false,
                        "@name" : "rolling_hills",
                        "@position" : [ 8948, 7187 ],
                        "links" : [
                           {
                              "linkPath" : [
                                 {
                                    "index" : -1,
                                    "name" : "biome"
                                 },
                                 {
                                    "index" : -1,
                                    "name" : "fun"
                                 },
                                 {
                                    "index" : -1,
                                    "name" : "weight"
                                 }
                              ],
                              "linkType" : "LT:CUSTOM_SLIDER",
                              "sliderValue" : 0.60000002384185791
                           }
                        ],
                        "reference" : "biomes/release/tier 1/rolling_hills.json",
                        "seed" : 1038377033463644253,
                        "seed-combine" : true,
                        "seed-hash" : "9c5jtDk4C8hPrZd6",
                        "tick" : 0,
                        "type" : "reference"
                     },
                     "w" : 0.5
                  },
                  {
                     "fun" : {
                        "@collapsed" : false,
                        "@name" : "praire",
                        "@position" : [ 8948, 7293 ],
                        "links" : [
                           {
                              "linkPath" : [
                                 {
                                    "index" : -1,
                                    "name" : "biome"
                                 },
                                 {
                                    "index" : -1,
                                    "name" : "fun"
                                 },
                                 {
                                    "index" : -1,
                                    "name" : "weight"
                                 }
                              ],
                              "linkType" : "LT:CUSTOM_SLIDER",
                              "sliderValue" : 0.5
                           }
                        ],
                        "reference" : "biomes/release/tier 1/praire.json",
                        "seed" : 6951693576298082772,
                        "seed-combine" : true,
                        "seed-hash" : "tZqmpnzSkoWvpBM5",
                        "tick" : 0,
                        "type" : "reference"
                     },
                     "w" : 0.5
                  },
                  {
                     "fun" : {
                        "@collapsed" : false,
                        "@name" : "pleasant_swamp",
                        "@position" : [ 8948, 7399 ],
                        "links" : [
                           {
                              "linkPath" : [
                                 {
                                    "index" : -1,
                                    "name" : "biome"
                                 },
                                 {
                                    "index" : -1,
                                    "name" : "fun"
                                 },
                                 {
                                    "index" : -1,
                                    "name" : "weight"
                                 }
                              ],
                              "linkType" : "LT:CUSTOM_SLIDER",
                              "sliderValue" : 0.5
                           }
                        ],
                        "reference" : "biomes/release/tier 1/pleasant_swamp.json",
                        "seed" : 5378787405042425397,
                        "seed-combine" : true,
                        "seed-hash" : "BcplCO06ohjPQjcz",
                        "tick" : 0,
                        "type" : "reference"
                     },
                     "w" : 0.5
                  },
                  {
                     "fun" : {
                        "@collapsed" : false,
                        "@name" : "deep_sea",
                        "@position" : [ 8948, 7505 ],
                        "links" : [
                           {
                              "linkPath" : [
                                 {
                                    "index" : -1,
                                    "name" : "biome"
                                 },
                                 {
                                    "index" : -1,
                                    "name" : "fun"
                                 },
                                 {
                                    "index" : -1,
                                    "name" : "weight"
                                 }
                              ],
                              "linkType" : "LT:CUSTOM_SLIDER",
                              "sliderValue" : 0.5
                           }
                        ],
                        "reference" : "biomes/release/tier 1/deep_sea.json",
                        "seed" : 3385632683239822588,
                        "seed-combine" : true,
                        "seed-hash" : "FRVW69yNT4SOoyFr",
                        "tick" : 0,
                        "type" : "reference"
                     },
                     "w" : 0.5
                  },
                  {
                     "fun" : {
                        "@collapsed" : false,
                        "@name" : "farm_fields",
                        "@position" : [ 8948, 7611 ],
                        "links" : [
                           {
                              "linkPath" : [
                                 {
                                    "index" : -1,
                                    "name" : "biome"
                                 },
                                 {
                                    "index" : -1,
                                    "name" : "fun"
                                 },
                                 {
                                    "index" : -1,
                                    "name" : "weight"
                                 }
                              ],
                              "linkType" : "LT:CUSTOM_SLIDER",
                              "sliderValue" : 0.60000002384185791
                           }
                        ],
                        "reference" : "biomes/release/tier 1/farm_fields.json",
                        "seed" : 8661961629176111296,
                        "seed-combine" : true,
                        "seed-hash" : "hWYJAg8cBumetGWF",
                        "tick" : 0,
                        "type" : "reference"
                     },
                     "w" : 0.5
                  },
                  {
                     "fun" : {
                        "@collapsed" : false,
                        "@name" : "orchard",
                        "@position" : [ 8948, 7717 ],
                        "links" : [
                           {
                              "linkPath" : [
                                 {
                                    "index" : -1,
                                    "name" : "biome"
                                 },
                                 {
                                    "index" : -1,
                                    "name" : "fun"
                                 },
                                 {
                                    "index" : -1,
                                    "name" : "weight"
                                 }
                              ],
                              "linkType" : "LT:CUSTOM_SLIDER",
                              "sliderValue" : 0.5
                           }
                        ],
                        "reference" : "biomes/release/tier 1/orchard.json",
                        "seed" : 5671807327018355558,
                        "seed-combine" : true,
                        "seed-hash" : "XzSpopEPWh0C3EqX",
                        "tick" : 0,
                        "type" : "reference"
                     },
                     "w" : 0.5
                  },
                  {
                     "fun" : {
                        "@collapsed" : false,
                        "@name" : "mud_flats",
                        "@position" : [ 8948, 7823 ],
                        "links" : [
                           {
                              "linkPath" : [
                                 {
                                    "index" : -1,
                                    "name" : "biome"
                                 },
                                 {
                                    "index" : -1,
                                    "name" : "fun"
                                 },
                                 {
                                    "index" : -1,
                                    "name" : "weight"
                                 }
                              ],
                              "linkType" : "LT:CUSTOM_SLIDER",
                              "sliderValue" : 0.5
                           }
                        ],
                        "reference" : "biomes/release/tier 1/mud_flats.json",
                        "seed" : 3552831369174584155,
                        "seed-combine" : true,
                        "seed-hash" : "6p1GgaebRL2t3X5z",
                        "tick" : 0,
                        "type" : "reference"
                     },
                     "w" : 0.5
                  },
                  {
                     "fun" : {
                        "@collapsed" : false,
                        "@name" : "meadows",
                        "@position" : [ 8948, 7929 ],
                        "links" : [
                           {
                              "linkPath" : [
                                 {
                                    "index" : -1,
                                    "name" : "biome"
                                 },
                                 {
                                    "index" : -1,
                                    "name" : "fun"
                                 },
                                 {
                                    "index" : -1,
                                    "name" : "weight"
                                 }
                              ],
                              "linkType" : "LT:CUSTOM_SLIDER",
                              "sliderValue" : 0.5
                           }
                        ],
                        "reference" : "biomes/release/tier 1/meadows.json",
                        "seed" : 1887037039550053004,
                        "seed-combine" : true,
                        "seed-hash" : "BViBKSUPBiM9xGoZ",
                        "tick" : 0,
                        "type" : "reference"
                     },
                     "w" : 0.5
                  },
                  {
                     "fun" : {
                        "@collapsed" : false,
                        "@name" : "mass_rivers",
                        "@position" : [ 8948, 8035 ],
                        "links" : [
                           {
                              "linkPath" : [
                                 {
                                    "index" : -1,
                                    "name" : "biome"
                                 },
                                 {
                                    "index" : -1,
                                    "name" : "fun"
                                 },
                                 {
                                    "index" : -1,
                                    "name" : "weight"
                                 }
                              ],
                              "linkType" : "LT:CUSTOM_SLIDER",
                              "sliderValue" : 0.5
                           }
                        ],
                        "reference" : "biomes/release/tier 1/mass_rivers.json",
                        "seed" : 3656697220662287719,
                        "seed-combine" : true,
                        "seed-hash" : "XFchmwid66HQFO0u",
                        "tick" : 0,
                        "type" : "reference"
                     },
                     "w" : 0.5
                  },
                  {
                     "fun" : {
                        "@collapsed" : false,
                        "@name" : "lowlands",
                        "@position" : [ 8948, 8141 ],
                        "links" : [
                           {
                              "linkPath" : [
                                 {
                                    "index" : -1,
                                    "name" : "biome"
                                 },
                                 {
                                    "index" : -1,
                                    "name" : "fun"
                                 },
                                 {
                                    "index" : -1,
                                    "name" : "weight"
                                 }
                              ],
                              "linkType" : "LT:CUSTOM_SLIDER",
                              "sliderValue" : 0.5
                           }
                        ],
                        "reference" : "biomes/release/tier 1/lowlands.json",
                        "seed" : 5602000466188797624,
                        "seed-combine" : true,
                        "seed-hash" : "pNgTnJc3BlmFYdTl",
                        "tick" : 0,
                        "type" : "reference"
                     },
                     "w" : 0.5
                  },
                  {
                     "fun" : {
                        "@collapsed" : false,
                        "@name" : "lake",
                        "@position" : [ 8948, 8247 ],
                        "links" : [
                           {
                              "linkPath" : [
                                 {
                                    "index" : -1,
                                    "name" : "biome"
                                 },
                                 {
                                    "index" : -1,
                                    "name" : "fun"
                                 },
                                 {
                                    "index" : -1,
                                    "name" : "weight"
                                 }
                              ],
                              "linkType" : "LT:CUSTOM_SLIDER",
                              "sliderValue" : 0.5
                           }
                        ],
                        "reference" : "biomes/release/tier 1/lake.json",
                        "seed" : 12302614528171485704,
                        "seed-combine" : true,
                        "seed-hash" : "SzR5NZDCAAcYe2ef",
                        "tick" : 0,
                        "type" : "reference"
                     },
                     "w" : 0.5
                  },
                  {
                     "fun" : {
                        "@collapsed" : false,
                        "@name" : "grassy_dunes",
                        "@position" : [ 8948, 8353 ],
                        "links" : [
                           {
                              "linkPath" : [
                                 {
                                    "index" : -1,
                                    "name" : "biome"
                                 },
                                 {
                                    "index" : -1,
                                    "name" : "fun"
                                 },
                                 {
                                    "index" : -1,
                                    "name" : "weight"
                                 }
                              ],
                              "linkType" : "LT:CUSTOM_SLIDER",
                              "sliderValue" : 0.5
                           }
                        ],
                        "reference" : "biomes/release/tier 1/grassy_dunes.json",
                        "seed" : 340871401267066689,
                        "seed-combine" : true,
                        "seed-hash" : "ME5g8dybD6sLk3hH",
                        "tick" : 0,
                        "type" : "reference"
                     },
                     "w" : 0.5
                  },
                  {
                     "fun" : {
                        "@collapsed" : false,
                        "@name" : "grassland",
                        "@position" : [ 8948, 8459 ],
                        "links" : [
                           {
                              "linkPath" : [
                                 {
                                    "index" : -1,
                                    "name" : "biome"
                                 },
                                 {
                                    "index" : -1,
                                    "name" : "fun"
                                 },
                                 {
                                    "index" : -1,
                                    "name" : "weight"
                                 }
                              ],
                              "linkType" : "LT:CUSTOM_SLIDER",
                              "sliderValue" : 0.5
                           }
                        ],
                        "reference" : "biomes/release/tier 1/grassland.json",
                        "seed" : 2128264776816842900,
                        "seed-combine" : true,
                        "seed-hash" : "YvC4mXRkeh3Za4di",
                        "tick" : 0,
                        "type" : "reference"
                     },
                     "w" : 0.5
                  },
                  {
                     "fun" : {
                        "@collapsed" : false,
                        "@name" : "golf_course",
                        "@position" : [ 8948, 8565 ],
                        "links" : [
                           {
                              "linkPath" : [
                                 {
                                    "index" : -1,
                                    "name" : "biome"
                                 },
                                 {
                                    "index" : -1,
                                    "name" : "fun"
                                 },
                                 {
                                    "index" : -1,
                                    "name" : "weight"
                                 }
                              ],
                              "linkType" : "LT:CUSTOM_SLIDER",
                              "sliderValue" : 0.40000000596046448
                           }
                        ],
                        "reference" : "biomes/release/tier 1/golf_course.json",
                        "seed" : 2549920723604401611,
                        "seed-combine" : true,
                        "seed-hash" : "zMDHLR9qM1r2vg4f",
                        "tick" : 0,
                        "type" : "reference"
                     },
                     "w" : 0.5
                  },
                  {
                     "fun" : {
                        "@collapsed" : false,
                        "@name" : "garden_lawn",
                        "@position" : [ 8948, 8671 ],
                        "links" : [
                           {
                              "linkPath" : [
                                 {
                                    "index" : -1,
                                    "name" : "biome"
                                 },
                                 {
                                    "index" : -1,
                                    "name" : "fun"
                                 },
                                 {
                                    "index" : -1,
                                    "name" : "weight"
                                 }
                              ],
                              "linkType" : "LT:CUSTOM_SLIDER",
                              "sliderValue" : 0.5
                           }
                        ],
                        "reference" : "biomes/release/tier 1/garden_lawn.json",
                        "seed" : 14101548556366376482,
                        "seed-combine" : true,
                        "seed-hash" : "OEGgL3IRl2u1PCxB",
                        "tick" : 0,
                        "type" : "reference"
                     },
                     "w" : 0.5
                  },
                  {
                     "fun" : {
                        "@collapsed" : false,
                        "@name" : "forest_ponds",
                        "@position" : [ 8948, 8777 ],
                        "links" : [
                           {
                              "linkPath" : [
                                 {
                                    "index" : -1,
                                    "name" : "biome"
                                 },
                                 {
                                    "index" : -1,
                                    "name" : "fun"
                                 },
                                 {
                                    "index" : -1,
                                    "name" : "weight"
                                 }
                              ],
                              "linkType" : "LT:CUSTOM_SLIDER",
                              "sliderValue" : 0.60000002384185791
                           }
                        ],
                        "reference" : "biomes/release/tier 1/forest_ponds.json",
                        "seed" : 13328043517008626825,
                        "seed-combine" : true,
                        "seed-hash" : "YeveTukxzklahdVJ",
                        "tick" : 0,
                        "type" : "reference"
                     },
                     "w" : 0.5
                  },
                  {
                     "fun" : {
                        "@collapsed" : false,
                        "@name" : "dead_coniferous_forest",
                        "@position" : [ 8948, 8883 ],
                        "links" : [
                           {
                              "linkPath" : [
                                 {
                                    "index" : -1,
                                    "name" : "biome"
                                 },
                                 {
                                    "index" : -1,
                                    "name" : "fun"
                                 },
                                 {
                                    "index" : -1,
                                    "name" : "weight"
                                 }
                              ],
                              "linkType" : "LT:CUSTOM_SLIDER",
                              "sliderValue" : 0.5
                           }
                        ],
                        "reference" : "biomes/release/tier 1/dead_coniferous_forest.json",
                        "seed" : 7635125246920997343,
                        "seed-combine" : true,
                        "seed-hash" : "K83wmO9T81bOfzlx",
                        "tick" : 0,
                        "type" : "reference"
                     },
                     "w" : 0.5
                  },
                  {
                     "fun" : {
                        "@collapsed" : false,
                        "@name" : "crop_circles",
                        "@position" : [ 8948, 8989 ],
                        "links" : [
                           {
                              "linkPath" : [
                                 {
                                    "index" : -1,
                                    "name" : "biome"
                                 },
                                 {
                                    "index" : -1,
                                    "name" : "fun"
                                 },
                                 {
                                    "index" : -1,
                                    "name" : "weight"
                                 }
                              ],
                              "linkType" : "LT:CUSTOM_SLIDER",
                              "sliderValue" : 0.5
                           }
                        ],
                        "reference" : "biomes/release/tier 1/crop_cricles.json",
                        "seed" : 7094403566681124183,
                        "seed-combine" : true,
                        "seed-hash" : "EiMVQfu141mIpbib",
                        "tick" : 0,
                        "type" : "reference"
                     },
                     "w" : 0.5
                  },
                  {
                     "fun" : {
                        "@collapsed" : false,
                        "@name" : "coniferous_forest",
                        "@position" : [ 8948, 9095 ],
                        "links" : [
                           {
                              "linkPath" : [
                                 {
                                    "index" : -1,
                                    "name" : "biome"
                                 },
                                 {
                                    "index" : -1,
                                    "name" : "fun"
                                 },
                                 {
                                    "index" : -1,
                                    "name" : "weight"
                                 }
                              ],
                              "linkType" : "LT:CUSTOM_SLIDER",
                              "sliderValue" : 0.60000002384185791
                           }
                        ],
                        "reference" : "biomes/release/tier 1/coniferous_forest.json",
                        "seed" : 401670921809896066,
                        "seed-combine" : true,
                        "seed-hash" : "WI7Mta12sR80dONM",
                        "tick" : 0,
                        "type" : "reference"
                     },
                     "w" : 0.5
                  },
                  {
                     "fun" : {
                        "@collapsed" : false,
                        "@name" : "carved_path",
                        "@position" : [ 8948, 9201 ],
                        "links" : [
                           {
                              "linkPath" : [
                                 {
                                    "index" : -1,
                                    "name" : "biome"
                                 },
                                 {
                                    "index" : -1,
                                    "name" : "fun"
                                 },
                                 {
                                    "index" : -1,
                                    "name" : "weight"
                                 }
                              ],
                              "linkType" : "LT:CUSTOM_SLIDER",
                              "sliderValue" : 0.5
                           }
                        ],
                        "reference" : "biomes/release/tier 1/carved_path.json",
                        "seed" : 14030334300875138177,
                        "seed-combine" : true,
                        "seed-hash" : "pVBitoWxPNNARjWg",
                        "tick" : 0,
                        "type" : "reference"
                     },
                     "w" : 0.5
                  },
                  {
                     "fun" : {
                        "@collapsed" : false,
                        "@name" : "bushlands",
                        "@position" : [ 8948, 9307 ],
                        "links" : [
                           {
                              "linkPath" : [
                                 {
                                    "index" : -1,
                                    "name" : "biome"
                                 },
                                 {
                                    "index" : -1,
                                    "name" : "fun"
                                 },
                                 {
                                    "index" : -1,
                                    "name" : "weight"
                                 }
                              ],
                              "linkType" : "LT:CUSTOM_SLIDER",
                              "sliderValue" : 0.5
                           }
                        ],
                        "reference" : "biomes/release/tier 1/bushlands.json",
                        "seed" : 8676317073456845543,
                        "seed-combine" : true,
                        "seed-hash" : "1Z3Cfa7euX34khvu",
                        "tick" : 0,
                        "type" : "reference"
                     },
                     "w" : 0.5
                  },
                  {
                     "fun" : {
                        "@collapsed" : false,
                        "@name" : "boreal",
                        "@position" : [ 8948, 9413 ],
                        "links" : [
                           {
                              "linkPath" : [
                                 {
                                    "index" : -1,
                                    "name" : "biome"
                                 },
                                 {
                                    "index" : -1,
                                    "name" : "fun"
                                 },
                                 {
                                    "index" : -1,
                                    "name" : "weight"
                                 }
                              ],
                              "linkType" : "LT:CUSTOM_SLIDER",
                              "sliderValue" : 0.90000003576278687
                           }
                        ],
                        "reference" : "biomes/release/tier 1/boreal.json",
                        "seed" : 2035095136728009484,
                        "seed-combine" : true,
                        "seed-hash" : "MVAdhySfiJRebrTz",
                        "tick" : 0,
                        "type" : "reference"
                     },
                     "w" : 0.5
                  },
                  {
                     "fun" : {
                        "@collapsed" : false,
                        "@name" : "algea_lake",
                        "@position" : [ 8948, 9519 ],
                        "links" : [
                           {
                              "linkPath" : [
                                 {
                                    "index" : -1,
                                    "name" : "biome"
                                 },
                                 {
                                    "index" : -1,
                                    "name" : "fun"
                                 },
                                 {
                                    "index" : -1,
                                    "name" : "weight"
                                 }
                              ],
                              "linkType" : "LT:CUSTOM_SLIDER",
                              "sliderValue" : 0.70000004768371582
                           }
                        ],
                        "reference" : "biomes/release/tier 1/algea_lake.json",
                        "seed" : 11134475550053628897,
                        "seed-combine" : true,
                        "seed-hash" : "y2neWRXBA4piu4Si",
                        "tick" : 0,
                        "type" : "reference"
                     },
                     "w" : 0.5
                  },
                  {
                     "fun" : {
                        "@collapsed" : false,
                        "@name" : "flower_field",
                        "@position" : [ 8948, 9625 ],
                        "links" : [
                           {
                              "linkPath" : [
                                 {
                                    "index" : -1,
                                    "name" : "biome"
                                 },
                                 {
                                    "index" : -1,
                                    "name" : "fun"
                                 },
                                 {
                                    "index" : -1,
                                    "name" : "weight"
                                 }
                              ],
                              "linkType" : "LT:CUSTOM_SLIDER",
                              "sliderValue" : 0.5
                           }
                        ],
                        "reference" : "biomes/release/tier 1/flower_field.json",
                        "seed" : 18228597635912614149,
                        "seed-combine" : true,
                        "seed-hash" : "UsVF9DzqWxzxfol2",
                        "tick" : 0,
                        "type" : "reference"
                     },
                     "w" : 0.5
                  },
                  {
                     "fun" : {
                        "@collapsed" : false,
                        "@name" : "bamboo_forest",
                        "@position" : [ 8948, 9731 ],
                        "links" : [
                           {
                              "linkPath" : [
                                 {
                                    "index" : -1,
                                    "name" : "biome"
                                 },
                                 {
                                    "index" : -1,
                                    "name" : "fun"
                                 },
                                 {
                                    "index" : -1,
                                    "name" : "weight"
                                 }
                              ],
                              "linkType" : "LT:CUSTOM_SLIDER",
                              "sliderValue" : 0.5
                           }
                        ],
                        "reference" : "biomes/release/tier 1/bamboo_forest.json",
                        "seed" : 5671807327018355558,
                        "seed-combine" : true,
                        "seed-hash" : "XzSpopEPWh0C3EqX",
                        "tick" : 0,
                        "type" : "reference"
                     },
                     "w" : 0.5
                  },
                  {
                     "fun" : {
                        "@collapsed" : false,
                        "@name" : "rock_pond",
                        "@position" : [ 8948, 9837 ],
                        "links" : [
                           {
                              "linkPath" : [
                                 {
                                    "index" : -1,
                                    "name" : "biome"
                                 },
                                 {
                                    "index" : -1,
                                    "name" : "fun"
                                 },
                                 {
                                    "index" : -1,
                                    "name" : "weight"
                                 }
                              ],
                              "linkType" : "LT:CUSTOM_SLIDER",
                              "sliderValue" : 0.5
                           }
                        ],
                        "reference" : "biomes/release/tier 1/rock_pond.json",
                        "seed" : 14390909248067807127,
                        "seed-combine" : true,
                        "seed-hash" : "TMroJCn29c78q3LO",
                        "tick" : 0,
                        "type" : "reference"
                     },
                     "w" : 0.5
                  }
               ],
               "count" : 33,
               "seed" : 12966061174759714655,
               "seed-combine" : true,
               "seed-hash" : "1hBSqVnx0YRrHkBu",
               "type" : "join"
            },
            "links" : []
         },
         "generator" : {
            "@version" : 6,
            "biomeSize" : 24,
            "lowerSea" : {
               "level" : 16,
               "liquidType" : "WATER"
            },
            "sea" : {
               "level" : 64,
               "liquidType" : "WATER"
            }
         },
         "seed" : "I has a seed!",
         "sharedConfig" : {
            "blockColors" : {
               "ASH_DEFAULT_BASE" : 1,
               "CRYSTAL_GLEAM_BASE" : 13,
               "FLORA_FLOWER_1" : 1,
               "FLORA_FLOWER_2" : 1,
               "FLORA_FLOWER_3" : 1,
               "FLORA_FLOWER_4" : 1,
               "GRASS_BARBED_BASE" : 8,
               "GRASS_GNARLED_BASE" : 7,
               "GRASS_VERDANT_BASE" : 9,
               "GRAVEL_DEFAULT_BASE" : 16,
               "GROWTH_DEFAULT_BASE" : 1,
               "ICE_DEFAULT_BASE" : 1,
               "ICE_GLACIER_BASE" : 1,
               "MOULD_DEFAULT_BASE" : 1,
               "MUD_DEFAULT_BASE" : 1,
               "ROCK_IGNEOUS_BASE" : 4,
               "ROCK_METAMORPHIC_BASE" : 5,
               "ROCK_SEDIMENTARY_BASE" : 6,
               "SAND_DEFAULT_BASE" : 16,
               "SOIL_CLAY_BASE" : 1,
               "SOIL_PEATY_BASE" : 3,
               "SOIL_SILTY_BASE" : 2,
               "SPONGE_DEFAULT_BASE" : 1,
               "TANGLE_DEFAULT_BASE" : 1,
               "THORNS_DEFAULT_BASE" : 1,
               "WOOD_ANCIENT_TRUNK" : 10,
               "WOOD_EXOTIC_LEAVES" : 15,
               "WOOD_LUSH_LEAVES" : 13,
               "WOOD_LUSTROUS_TRUNK" : 1,
               "WOOD_TWISTED_TRUNK" : 11,
               "WOOD_WAXY_LEAVES" : 14
            },
            "worldSize" : 288
         },
         "test" : {
            "@collapsed" : false,
            "@name" : "Reference Biome",
            "@position" : [ 8442, 9942 ],
            "seed" : 15818009155146473780,
            "seed-combine" : true,
            "seed-hash" : "vHgOEBgQsKl0tCpn",
            "type" : "reference"
         }
      },
      "links" : [],
      "reference" : "",
      "seed" : 15818009155146473780,
      "seed-combine" : true,
      "seed-hash" : "vHgOEBgQsKl0tCpn",
      "tick" : 0,
      "type" : "reference"
   }
}
