{
   "@collapsed" : false,
   "@configType" : "BIOME",
   "@name" : "ice_lake",
   "@position" : [ 7608, 7880 ],
   "@scroll" : [ 8224.244140625, 8338.08203125, -0.75 ],
   "@toggle-test" : false,
   "@toggle-world" : true,
   "@unlinked" : [],
   "@version" : 17,
   "biome" : {
      "fun" : {
         "@collapsed" : false,
         "@name" : "ice_lake",
         "@position" : [ 8005, 8208 ],
         "altitude" : {
            "enabled" : true,
            "value" : 0.25
         },
         "humidity" : {
            "enabled" : true,
            "value" : 0.5690000057220459
         },
         "labels" : [
            {
               "label" : "ice"
            },
            {
               "label" : "lake"
            },
            {
               "label" : "cold"
            },
            {
               "label" : "liquid"
            },
            {
               "label" : "tier_3"
            }
         ],
         "nameStyle" : "Lacuna",
         "part" : {
            "@collapsed" : false,
            "@name" : "ice_lake",
            "@position" : [ 8398, 7918 ],
            "@selector-open" : false,
            "@toggle-caves" : true,
            "@toggle-ccaves" : true,
            "@toggle-csurface" : true,
            "@toggle-cthreed" : true,
            "@toggle-data" : true,
            "@toggle-drop" : false,
            "@toggle-heightmap" : true,
            "@toggle-selector" : false,
            "@toggle-stage" : true,
            "@toggle-threed" : true,
            "@toggle-visualise" : true,
            "@x-name" : "x",
            "@y-name" : "y",
            "caveSurfaceShrink" : {
               "enabled" : false,
               "value" : 1
            },
            "caveThresholdBias" : {
               "enabled" : true,
               "value" : -1
            },
            "caves" : {
               "@collapsed" : false,
               "@name" : "Layered 3D",
               "@position" : [ 8821, 8491 ],
               "components" : [
                  {
                     "fun" : {
                        "@collapsed" : false,
                        "@name" : "tier_1_caves",
                        "@position" : [ 9159, 8362 ],
                        "frequency" : [ 1, 1 ],
                        "links" : [],
                        "reference" : "noise3d/caves/release/tier_1_caves.json",
                        "seed" : 2840125855102216963,
                        "seed-combine" : false,
                        "seed-hash" : "6qIPujHIsn6speZx",
                        "tick" : 2,
                        "type" : "reference"
                     },
                     "noiseMaxY" : 256,
                     "y" : 0,
                     "yfun" : {
                        "@collapsed" : false,
                        "@name" : "Sum 2D",
                        "@position" : [ 9155, 8520 ],
                        "frequency" : 1,
                        "seed" : 0,
                        "seed-combine" : true,
                        "seed-hash" : "",
                        "terms" : [
                           {
                              "fun" : {
                                 "@collapsed" : false,
                                 "@name" : "Sum 2D",
                                 "@position" : [ 9470, 8474 ],
                                 "frequency" : 1,
                                 "seed" : 0,
                                 "seed-combine" : true,
                                 "seed-hash" : "",
                                 "terms" : [
                                    {
                                       "fun" : {
                                          "@collapsed" : false,
                                          "@name" : "Rolling Hills",
                                          "@position" : [ 9763, 8498 ],
                                          "frequency" : 1,
                                          "links" : [
                                             {
                                                "linkPath" : [
                                                   {
                                                      "index" : -1,
                                                      "name" : "noise2d"
                                                   },
                                                   {
                                                      "index" : -1,
                                                      "name" : "fun"
                                                   },
                                                   {
                                                      "index" : -1,
                                                      "name" : "terms"
                                                   },
                                                   {
                                                      "index" : 0,
                                                      "name" : ""
                                                   },
                                                   {
                                                      "index" : -1,
                                                      "name" : "multiplier"
                                                   }
                                                ],
                                                "linkType" : "LT:CUSTOM_SLIDER",
                                                "sliderValue" : 1
                                             },
                                             {
                                                "linkPath" : [
                                                   {
                                                      "index" : -1,
                                                      "name" : "noise2d"
                                                   },
                                                   {
                                                      "index" : -1,
                                                      "name" : "fun"
                                                   },
                                                   {
                                                      "index" : -1,
                                                      "name" : "terms"
                                                   },
                                                   {
                                                      "index" : 1,
                                                      "name" : ""
                                                   },
                                                   {
                                                      "index" : -1,
                                                      "name" : "multiplier"
                                                   }
                                                ],
                                                "linkType" : "LT:CUSTOM_SLIDER",
                                                "sliderValue" : 1
                                             }
                                          ],
                                          "reference" : "noise2d/heightmaps/rollinghills.json",
                                          "seed" : 11554724105357981035,
                                          "seed-combine" : true,
                                          "seed-hash" : "RxAAzYt6DNl6Ips4",
                                          "tick" : 0,
                                          "type" : "reference"
                                       },
                                       "multiplier" : 0.067000001668930054,
                                       "power" : 1
                                    },
                                    {
                                       "fun" : {
                                          "@collapsed" : false,
                                          "@name" : "Constant 2D",
                                          "@position" : [ 9763, 8650 ],
                                          "frequency" : 1,
                                          "type" : "constant",
                                          "value" : -0.79300004243850708
                                       },
                                       "multiplier" : 1,
                                       "power" : 1
                                    }
                                 ],
                                 "type" : "sum"
                              },
                              "multiplier" : 1,
                              "power" : 1
                           },
                           {
                              "fun" : {
                                 "@collapsed" : false,
                                 "@name" : "Constant 2D",
                                 "@position" : [ 9466, 8794 ],
                                 "frequency" : 1,
                                 "type" : "constant",
                                 "value" : -0.13000001013278961
                              },
                              "multiplier" : 1,
                              "power" : 1
                           }
                        ],
                        "type" : "sum"
                     }
                  },
                  {
                     "fun" : {
                        "@collapsed" : false,
                        "@name" : "Constant 3D",
                        "@position" : [ 9144, 8833 ],
                        "frequency" : [ 1, 1 ],
                        "type" : "constant",
                        "value" : -1
                     },
                     "noiseMaxY" : 0,
                     "y" : 256,
                     "yfun" : null
                  }
               ],
               "frequency" : [ 1, 1 ],
               "seed" : 0,
               "seed-combine" : true,
               "seed-hash" : "",
               "type" : "layered"
            },
            "caves_decorations" : null,
            "caves_substrate" : {
               "@collapsed" : false,
               "@name" : "tier_1_caves",
               "@position" : [ 8892, 8944 ],
               "links" : [],
               "reference" : "substrate/caves/tier_1_caves.json",
               "seed" : 15408175334311480782,
               "seed-combine" : true,
               "seed-hash" : "pmkJTYGjQmGVz8B8",
               "tick" : 0,
               "type" : "reference"
            },
            "distortion" : null,
            "distortionStrength" : {
               "enabled" : false,
               "value" : 0
            },
            "drop" : null,
            "dropMaxDepth" : {
               "enabled" : false,
               "value" : 5
            },
            "dropMaxGradient" : {
               "enabled" : false,
               "value" : 1.7699999809265137
            },
            "dropMaxNoGravel" : {
               "enabled" : false,
               "value" : 1
            },
            "heightmap" : {
               "@collapsed" : false,
               "@name" : "Sum 2D",
               "@position" : [ 8805, 7484 ],
               "frequency" : 1,
               "seed" : 0,
               "seed-combine" : true,
               "seed-hash" : "",
               "terms" : [
                  {
                     "fun" : {
                        "@collapsed" : false,
                        "@name" : "Rolling Hills",
                        "@position" : [ 9098, 7508 ],
                        "frequency" : 1,
                        "links" : [
                           {
                              "linkPath" : [
                                 {
                                    "index" : -1,
                                    "name" : "noise2d"
                                 },
                                 {
                                    "index" : -1,
                                    "name" : "fun"
                                 },
                                 {
                                    "index" : -1,
                                    "name" : "terms"
                                 },
                                 {
                                    "index" : 0,
                                    "name" : ""
                                 },
                                 {
                                    "index" : -1,
                                    "name" : "multiplier"
                                 }
                              ],
                              "linkType" : "LT:CUSTOM_SLIDER",
                              "sliderValue" : 1
                           },
                           {
                              "linkPath" : [
                                 {
                                    "index" : -1,
                                    "name" : "noise2d"
                                 },
                                 {
                                    "index" : -1,
                                    "name" : "fun"
                                 },
                                 {
                                    "index" : -1,
                                    "name" : "terms"
                                 },
                                 {
                                    "index" : 1,
                                    "name" : ""
                                 },
                                 {
                                    "index" : -1,
                                    "name" : "multiplier"
                                 }
                              ],
                              "linkType" : "LT:CUSTOM_SLIDER",
                              "sliderValue" : 1
                           }
                        ],
                        "reference" : "noise2d/heightmaps/rollinghills.json",
                        "seed" : 11554724105357981035,
                        "seed-combine" : true,
                        "seed-hash" : "RxAAzYt6DNl6Ips4",
                        "tick" : 0,
                        "type" : "reference"
                     },
                     "multiplier" : 0.067000001668930054,
                     "power" : 1
                  },
                  {
                     "fun" : {
                        "@collapsed" : false,
                        "@name" : "Constant 2D",
                        "@position" : [ 9098, 7660 ],
                        "frequency" : 1,
                        "type" : "constant",
                        "value" : -0.79300004243850708
                     },
                     "multiplier" : 1,
                     "power" : 1
                  }
               ],
               "type" : "sum"
            },
            "heightmapBlockType" : "ROCK_SEDIMENTARY_BASE",
            "heightmapMaxY" : {
               "enabled" : false,
               "value" : 256
            },
            "heightmapMinY" : {
               "enabled" : false,
               "value" : 0
            },
            "parts" : [],
            "seed" : 0,
            "seed-combine" : true,
            "seed-hash" : "",
            "shrink" : null,
            "strata" : {
               "@collapsed" : false,
               "@name" : "Join Strata",
               "@position" : [ 8845, 9016 ],
               "components" : [
                  {
                     "fun" : {
                        "@collapsed" : true,
                        "@name" : "Fill1",
                        "@position" : [ 9146, 8993 ],
                        "links" : [],
                        "reference" : "strata/fill1.json",
                        "seed" : 0,
                        "seed-combine" : true,
                        "seed-hash" : "",
                        "tick" : 0,
                        "type" : "reference"
                     },
                     "w" : 0.5
                  },
                  {
                     "fun" : {
                        "@collapsed" : false,
                        "@name" : "Fill2",
                        "@position" : [ 9146, 9037 ],
                        "links" : [],
                        "reference" : "strata/fill2.json",
                        "seed" : 0,
                        "seed-combine" : true,
                        "seed-hash" : "",
                        "tick" : 0,
                        "type" : "reference"
                     },
                     "w" : 0.5
                  },
                  {
                     "fun" : {
                        "@collapsed" : false,
                        "@name" : "Fill3",
                        "@position" : [ 9146, 9120 ],
                        "links" : [],
                        "reference" : "strata/fill3.json",
                        "seed" : 0,
                        "seed-combine" : true,
                        "seed-hash" : "",
                        "tick" : 0,
                        "type" : "reference"
                     },
                     "w" : 0.5
                  },
                  {
                     "fun" : {
                        "@collapsed" : false,
                        "@name" : "Fill4",
                        "@position" : [ 9146, 9203 ],
                        "links" : [],
                        "reference" : "strata/fill4.json",
                        "seed" : 0,
                        "seed-combine" : true,
                        "seed-hash" : "",
                        "tick" : 0,
                        "type" : "reference"
                     },
                     "w" : 0.5
                  },
                  {
                     "fun" : {
                        "@collapsed" : false,
                        "@name" : "Fill5",
                        "@position" : [ 9146, 9286 ],
                        "links" : [],
                        "reference" : "strata/fill5.json",
                        "seed" : 0,
                        "seed-combine" : true,
                        "seed-hash" : "",
                        "tick" : 0,
                        "type" : "reference"
                     },
                     "w" : 0.5
                  }
               ],
               "count" : 5,
               "seed" : 0,
               "seed-combine" : true,
               "seed-hash" : "",
               "type" : "join"
            },
            "surface_decorations" : {
               "@collapsed" : false,
               "@name" : "lake_bed",
               "@position" : [ 8853, 9523 ],
               "links" : [],
               "reference" : "decorations/lake_bed.json",
               "seed" : 5460134915298984254,
               "seed-combine" : true,
               "seed-hash" : "d9x4UP94FidtYhvq",
               "tick" : 0,
               "type" : "reference"
            },
            "surface_substrate" : {
               "@collapsed" : false,
               "@name" : "lake_bed",
               "@position" : [ 8845, 9368 ],
               "links" : [
                  {
                     "linkPath" : [
                        {
                           "index" : -1,
                           "name" : "substrate"
                        },
                        {
                           "index" : -1,
                           "name" : "fun"
                        },
                        {
                           "index" : -1,
                           "name" : "strates"
                        },
                        {
                           "index" : 0,
                           "name" : ""
                        },
                        {
                           "index" : -1,
                           "name" : "depthNoise"
                        },
                        {
                           "index" : -1,
                           "name" : "terms"
                        },
                        {
                           "index" : 2,
                           "name" : ""
                        },
                        {
                           "index" : -1,
                           "name" : "terms"
                        },
                        {
                           "index" : 0,
                           "name" : ""
                        },
                        {
                           "index" : -1,
                           "name" : "fun"
                        }
                     ],
                     "linkType" : "LT:NOISE_2D",
                     "nodeValue" : null
                  },
                  {
                     "linkPath" : [
                        {
                           "index" : -1,
                           "name" : "substrate"
                        },
                        {
                           "index" : -1,
                           "name" : "fun"
                        },
                        {
                           "index" : -1,
                           "name" : "strates"
                        },
                        {
                           "index" : 2,
                           "name" : ""
                        },
                        {
                           "index" : -1,
                           "name" : "depthNoise"
                        },
                        {
                           "index" : -1,
                           "name" : "terms"
                        },
                        {
                           "index" : 1,
                           "name" : ""
                        },
                        {
                           "index" : -1,
                           "name" : "terms"
                        },
                        {
                           "index" : 0,
                           "name" : ""
                        },
                        {
                           "index" : -1,
                           "name" : "fun"
                        }
                     ],
                     "linkType" : "LT:NOISE_2D",
                     "nodeValue" : null
                  },
                  {
                     "linkPath" : [
                        {
                           "index" : -1,
                           "name" : "substrate"
                        },
                        {
                           "index" : -1,
                           "name" : "fun"
                        },
                        {
                           "index" : -1,
                           "name" : "strates"
                        },
                        {
                           "index" : 1,
                           "name" : ""
                        },
                        {
                           "index" : -1,
                           "name" : "depthNoise"
                        },
                        {
                           "index" : -1,
                           "name" : "terms"
                        },
                        {
                           "index" : 2,
                           "name" : ""
                        },
                        {
                           "index" : -1,
                           "name" : "terms"
                        },
                        {
                           "index" : 0,
                           "name" : ""
                        },
                        {
                           "index" : -1,
                           "name" : "fun"
                        }
                     ],
                     "linkType" : "LT:NOISE_2D",
                     "nodeValue" : null
                  },
                  {
                     "linkPath" : [
                        {
                           "index" : -1,
                           "name" : "substrate"
                        },
                        {
                           "index" : -1,
                           "name" : "fun"
                        },
                        {
                           "index" : -1,
                           "name" : "strates"
                        },
                        {
                           "index" : 3,
                           "name" : ""
                        },
                        {
                           "index" : -1,
                           "name" : "depthNoise"
                        },
                        {
                           "index" : -1,
                           "name" : "terms"
                        },
                        {
                           "index" : 1,
                           "name" : ""
                        },
                        {
                           "index" : -1,
                           "name" : "terms"
                        },
                        {
                           "index" : 0,
                           "name" : ""
                        },
                        {
                           "index" : -1,
                           "name" : "fun"
                        }
                     ],
                     "linkType" : "LT:NOISE_2D",
                     "nodeValue" : null
                  }
               ],
               "reference" : "substrate/lake_bed.json",
               "seed" : 0,
               "seed-combine" : true,
               "seed-hash" : "",
               "tick" : 0,
               "type" : "reference"
            },
            "threeD" : {
               "@collapsed" : false,
               "@name" : "Layered 3D",
               "@position" : [ 8807, 7853 ],
               "components" : [
                  {
                     "fun" : {
                        "@collapsed" : false,
                        "@name" : "Constant 3D",
                        "@position" : [ 9122, 7849 ],
                        "frequency" : [ 1, 1 ],
                        "type" : "constant",
                        "value" : 0
                     },
                     "noiseMaxY" : 128,
                     "y" : 63.631004333496094,
                     "yfun" : null
                  },
                  {
                     "fun" : {
                        "@collapsed" : false,
                        "@name" : "Distort 3D",
                        "@position" : [ 9134, 7979 ],
                        "base" : {
                           "@collapsed" : false,
                           "@name" : "Perlin 3D",
                           "@position" : [ 9443, 7840 ],
                           "frequency" : [ 0.23700001835823059, 1 ],
                           "seed" : 910866925847216451,
                           "seed-combine" : true,
                           "seed-hash" : "akXHcR2K285yzxd4",
                           "type" : "perlin"
                        },
                        "distortion" : {
                           "@collapsed" : false,
                           "@name" : "Fractal 3D",
                           "@position" : [ 9443, 7969 ],
                           "frequency" : [ 0.24700000882148743, 0.21400001645088196 ],
                           "fun" : {
                              "@collapsed" : false,
                              "@name" : "Perlin 3D",
                              "@position" : [ 9726, 8084 ],
                              "frequency" : [ 1, 1 ],
                              "seed" : 13905920462229487024,
                              "seed-combine" : true,
                              "seed-hash" : "ZS145ojVPzuoVw6R",
                              "type" : "perlin"
                           },
                           "octaves" : [
                              {
                                 "multiplier" : 1,
                                 "scale" : 1,
                                 "seed" : 5351483914011748831,
                                 "seed-combine" : true,
                                 "seed-hash" : "4k14m0ezKlr7PojV"
                              },
                              {
                                 "multiplier" : 1,
                                 "scale" : 1,
                                 "seed" : 17264812609521421254,
                                 "seed-combine" : true,
                                 "seed-hash" : "BySAejeCEELuvaqt"
                              }
                           ],
                           "seed" : 0,
                           "seed-combine" : true,
                           "seed-hash" : "",
                           "type" : "fractal"
                        },
                        "distortionScale" : [
                           1.0710000991821289,
                           {
                              "max" : 4,
                              "min" : 0.0010000000474974513
                           }
                        ],
                        "frequency" : [ 1, 1 ],
                        "seed" : 0,
                        "seed-combine" : true,
                        "seed-hash" : "",
                        "type" : "distort"
                     },
                     "noiseMaxY" : 128,
                     "y" : 64.476005554199219,
                     "yfun" : null
                  },
                  {
                     "fun" : {
                        "@collapsed" : false,
                        "@name" : "Constant 3D",
                        "@position" : [ 9146, 8213 ],
                        "frequency" : [ 1, 1 ],
                        "type" : "constant",
                        "value" : 0
                     },
                     "noiseMaxY" : 128,
                     "y" : 66.811004638671875,
                     "yfun" : null
                  }
               ],
               "frequency" : [
                  {
                     "max" : 2,
                     "min" : 0.40000000596046448
                  },
                  {
                     "max" : 2,
                     "min" : 0.5
                  }
               ],
               "seed" : 0,
               "seed-combine" : true,
               "seed-hash" : "",
               "type" : "layered"
            },
            "threeDMaxY" : {
               "enabled" : false,
               "value" : 256
            },
            "threeDMinY" : {
               "enabled" : false,
               "value" : 0
            },
            "threeDSurfaceMaxY" : {
               "enabled" : false,
               "value" : 256
            },
            "threeDSurfaceMinY" : {
               "enabled" : false,
               "value" : 0
            },
            "threeDThresholdBias" : {
               "enabled" : true,
               "value" : 0
            },
            "threed_decorations" : null,
            "threed_substrate" : {
               "@collapsed" : false,
               "@name" : "Standard Substrate",
               "@position" : [ 8861, 9618 ],
               "@toggle-ceils" : false,
               "@toggle-strates" : false,
               "ceils" : [],
               "seed" : 0,
               "seed-combine" : true,
               "seed-hash" : "",
               "strates" : [
                  {
                     "averageDepth" : 7,
                     "blockType" : "ICE_DEFAULT_BASE",
                     "depthNoise" : null,
                     "depthNoiseScale" : 3,
                     "maxGradient" : 5,
                     "maxY" : 256,
                     "metadata" : {
                        "@toggle-metadata" : true,
                        "maxGradient" : 5,
                        "maxThreshold" : 1,
                        "maxY" : 256,
                        "minGradient" : 0,
                        "minThreshold" : -1,
                        "minY" : 0,
                        "noise" : null
                     },
                     "minGradient" : 0,
                     "minY" : 0
                  }
               ],
               "type" : "standard"
            },
            "type" : "standard",
            "x" : null,
            "y" : null
         },
         "seed" : 0,
         "seed-combine" : false,
         "seed-hash" : "",
         "temperature" : {
            "enabled" : true,
            "value" : 0.095000006258487701
         },
         "type" : "standard",
         "vegetation" : {
            "enabled" : true,
            "value" : 0.088000006973743439
         },
         "weight" : 0.5
      },
      "links" : [
         {
            "blockConstraint" : 1779159312,
            "blockDefault" : "",
            "checkDefault" : true,
            "linkPath" : [
               {
                  "index" : -1,
                  "name" : "biome"
               },
               {
                  "index" : -1,
                  "name" : "fun"
               },
               {
                  "index" : -1,
                  "name" : "weight"
               }
            ],
            "linkType" : "LT:CUSTOM_SLIDER",
            "name" : "Biome Weight",
            "shortPath" : "ice_lake.weight",
            "sliderCheck" : false,
            "sliderDefault" : 0.60000002384185791,
            "sliderMax" : 1,
            "sliderMin" : 0,
            "sliderStep" : 0.0010000000474974513
         }
      ]
   },
   "generator" : {
      "@version" : 6,
      "biomeSize" : 24,
      "lowerSea" : {
         "level" : 16,
         "liquidType" : "LAVA"
      },
      "sea" : {
         "level" : 64,
         "liquidType" : "WATER"
      }
   },
   "seed" : "I has a seed!",
   "seed-hash" : "",
   "sharedConfig" : {
      "blockColors" : {
         "ASH_DEFAULT_BASE" : 1,
         "CRYSTAL_GLEAM_BASE" : 13,
         "FLORA_FLOWER_1" : 1,
         "FLORA_FLOWER_2" : 1,
         "FLORA_FLOWER_3" : 1,
         "FLORA_FLOWER_4" : 1,
         "GRASS_BARBED_BASE" : 8,
         "GRASS_GNARLED_BASE" : 7,
         "GRASS_VERDANT_BASE" : 9,
         "GRAVEL_DEFAULT_BASE" : 16,
         "GROWTH_DEFAULT_BASE" : 1,
         "ICE_DEFAULT_BASE" : 1,
         "ICE_GLACIER_BASE" : 1,
         "MOULD_DEFAULT_BASE" : 1,
         "MUD_DEFAULT_BASE" : 1,
         "ROCK_IGNEOUS_BASE" : 4,
         "ROCK_METAMORPHIC_BASE" : 5,
         "ROCK_SEDIMENTARY_BASE" : 6,
         "SAND_DEFAULT_BASE" : 16,
         "SOIL_CLAY_BASE" : 1,
         "SOIL_PEATY_BASE" : 3,
         "SOIL_SILTY_BASE" : 2,
         "SPONGE_DEFAULT_BASE" : 1,
         "TANGLE_DEFAULT_BASE" : 1,
         "THORNS_DEFAULT_BASE" : 1,
         "WOOD_ANCIENT_TRUNK" : 10,
         "WOOD_EXOTIC_LEAVES" : 15,
         "WOOD_LUSH_LEAVES" : 13,
         "WOOD_LUSTROUS_TRUNK" : 1,
         "WOOD_TWISTED_TRUNK" : 11,
         "WOOD_WAXY_LEAVES" : 14
      },
      "seed-hash" : "",
      "worldSize" : 288
   },
   "test" : {
      "@collapsed" : false,
      "@name" : "Reference Biome",
      "@position" : [ 8005, 9180 ],
      "embedded" : {
         "@collapsed" : false,
         "@configType" : "BIOME",
         "@name" : "ice_lake",
         "@position" : [ 7608, 7880 ],
         "@toggle-test" : false,
         "@toggle-world" : true,
         "@version" : 17,
         "biome" : {
            "fun" : {
               "@collapsed" : false,
               "@name" : "ice_lake",
               "@position" : [ 8005, 8208 ],
               "altitude" : {
                  "enabled" : true,
                  "value" : 0.25
               },
               "humidity" : {
                  "enabled" : true,
                  "value" : 0.5690000057220459
               },
               "labels" : [
                  {
                     "label" : "ice"
                  },
                  {
                     "label" : "lake"
                  },
                  {
                     "label" : "cold"
                  },
                  {
                     "label" : "liquid"
                  },
                  {
                     "label" : "tier_3"
                  }
               ],
               "nameStyle" : "Lacuna",
               "part" : {
                  "@collapsed" : false,
                  "@name" : "ice_lake",
                  "@position" : [ 8398, 7918 ],
                  "@selector-open" : false,
                  "@toggle-caves" : true,
                  "@toggle-ccaves" : true,
                  "@toggle-csurface" : true,
                  "@toggle-cthreed" : true,
                  "@toggle-data" : true,
                  "@toggle-drop" : false,
                  "@toggle-heightmap" : true,
                  "@toggle-selector" : false,
                  "@toggle-stage" : true,
                  "@toggle-threed" : true,
                  "@toggle-visualise" : true,
                  "@x-name" : "x",
                  "@y-name" : "y",
                  "caveSurfaceShrink" : {
                     "enabled" : false,
                     "value" : 1
                  },
                  "caveThresholdBias" : {
                     "enabled" : true,
                     "value" : -1
                  },
                  "caves" : {
                     "@collapsed" : false,
                     "@name" : "Layered 3D",
                     "@position" : [ 8821, 8491 ],
                     "components" : [
                        {
                           "fun" : {
                              "@collapsed" : false,
                              "@name" : "tier_1_caves",
                              "@position" : [ 9159, 8362 ],
                              "frequency" : [ 1, 1 ],
                              "links" : [],
                              "reference" : "noise3d/caves/release/tier_1_caves.json",
                              "seed" : 2840125855102216963,
                              "seed-combine" : false,
                              "seed-hash" : "6qIPujHIsn6speZx",
                              "tick" : 2,
                              "type" : "reference"
                           },
                           "noiseMaxY" : 256,
                           "y" : 0,
                           "yfun" : {
                              "@collapsed" : false,
                              "@name" : "Sum 2D",
                              "@position" : [ 9155, 8520 ],
                              "frequency" : 1,
                              "seed" : 0,
                              "seed-combine" : true,
                              "seed-hash" : "",
                              "terms" : [
                                 {
                                    "fun" : {
                                       "@collapsed" : false,
                                       "@name" : "Sum 2D",
                                       "@position" : [ 9470, 8474 ],
                                       "frequency" : 1,
                                       "seed" : 0,
                                       "seed-combine" : true,
                                       "seed-hash" : "",
                                       "terms" : [
                                          {
                                             "fun" : {
                                                "@collapsed" : false,
                                                "@name" : "Rolling Hills",
                                                "@position" : [ 9763, 8498 ],
                                                "frequency" : 1,
                                                "links" : [
                                                   {
                                                      "linkPath" : [
                                                         {
                                                            "index" : -1,
                                                            "name" : "noise2d"
                                                         },
                                                         {
                                                            "index" : -1,
                                                            "name" : "fun"
                                                         },
                                                         {
                                                            "index" : -1,
                                                            "name" : "terms"
                                                         },
                                                         {
                                                            "index" : 0,
                                                            "name" : ""
                                                         },
                                                         {
                                                            "index" : -1,
                                                            "name" : "multiplier"
                                                         }
                                                      ],
                                                      "linkType" : "LT:CUSTOM_SLIDER",
                                                      "sliderValue" : 1
                                                   },
                                                   {
                                                      "linkPath" : [
                                                         {
                                                            "index" : -1,
                                                            "name" : "noise2d"
                                                         },
                                                         {
                                                            "index" : -1,
                                                            "name" : "fun"
                                                         },
                                                         {
                                                            "index" : -1,
                                                            "name" : "terms"
                                                         },
                                                         {
                                                            "index" : 1,
                                                            "name" : ""
                                                         },
                                                         {
                                                            "index" : -1,
                                                            "name" : "multiplier"
                                                         }
                                                      ],
                                                      "linkType" : "LT:CUSTOM_SLIDER",
                                                      "sliderValue" : 1
                                                   }
                                                ],
                                                "reference" : "noise2d/heightmaps/rollinghills.json",
                                                "seed" : 11554724105357981035,
                                                "seed-combine" : true,
                                                "seed-hash" : "RxAAzYt6DNl6Ips4",
                                                "tick" : 0,
                                                "type" : "reference"
                                             },
                                             "multiplier" : 0.067000001668930054,
                                             "power" : 1
                                          },
                                          {
                                             "fun" : {
                                                "@collapsed" : false,
                                                "@name" : "Constant 2D",
                                                "@position" : [ 9763, 8650 ],
                                                "frequency" : 1,
                                                "type" : "constant",
                                                "value" : -0.79300004243850708
                                             },
                                             "multiplier" : 1,
                                             "power" : 1
                                          }
                                       ],
                                       "type" : "sum"
                                    },
                                    "multiplier" : 1,
                                    "power" : 1
                                 },
                                 {
                                    "fun" : {
                                       "@collapsed" : false,
                                       "@name" : "Constant 2D",
                                       "@position" : [ 9466, 8794 ],
                                       "frequency" : 1,
                                       "type" : "constant",
                                       "value" : -0.13000001013278961
                                    },
                                    "multiplier" : 1,
                                    "power" : 1
                                 }
                              ],
                              "type" : "sum"
                           }
                        },
                        {
                           "fun" : {
                              "@collapsed" : false,
                              "@name" : "Constant 3D",
                              "@position" : [ 9144, 8833 ],
                              "frequency" : [ 1, 1 ],
                              "type" : "constant",
                              "value" : -1
                           },
                           "noiseMaxY" : 0,
                           "y" : 256,
                           "yfun" : null
                        }
                     ],
                     "frequency" : [ 1, 1 ],
                     "seed" : 0,
                     "seed-combine" : true,
                     "seed-hash" : "",
                     "type" : "layered"
                  },
                  "caves_decorations" : null,
                  "caves_substrate" : {
                     "@collapsed" : false,
                     "@name" : "tier_1_caves",
                     "@position" : [ 8892, 8944 ],
                     "links" : [],
                     "reference" : "substrate/caves/tier_1_caves.json",
                     "seed" : 15408175334311480782,
                     "seed-combine" : true,
                     "seed-hash" : "pmkJTYGjQmGVz8B8",
                     "tick" : 0,
                     "type" : "reference"
                  },
                  "distortion" : null,
                  "distortionStrength" : {
                     "enabled" : false,
                     "value" : 0
                  },
                  "drop" : null,
                  "dropMaxDepth" : {
                     "enabled" : false,
                     "value" : 5
                  },
                  "dropMaxGradient" : {
                     "enabled" : false,
                     "value" : 1.7699999809265137
                  },
                  "dropMaxNoGravel" : {
                     "enabled" : false,
                     "value" : 1
                  },
                  "heightmap" : {
                     "@collapsed" : false,
                     "@name" : "Sum 2D",
                     "@position" : [ 8805, 7484 ],
                     "frequency" : 1,
                     "seed" : 0,
                     "seed-combine" : true,
                     "seed-hash" : "",
                     "terms" : [
                        {
                           "fun" : {
                              "@collapsed" : false,
                              "@name" : "Rolling Hills",
                              "@position" : [ 9098, 7508 ],
                              "frequency" : 1,
                              "links" : [
                                 {
                                    "linkPath" : [
                                       {
                                          "index" : -1,
                                          "name" : "noise2d"
                                       },
                                       {
                                          "index" : -1,
                                          "name" : "fun"
                                       },
                                       {
                                          "index" : -1,
                                          "name" : "terms"
                                       },
                                       {
                                          "index" : 0,
                                          "name" : ""
                                       },
                                       {
                                          "index" : -1,
                                          "name" : "multiplier"
                                       }
                                    ],
                                    "linkType" : "LT:CUSTOM_SLIDER",
                                    "sliderValue" : 1
                                 },
                                 {
                                    "linkPath" : [
                                       {
                                          "index" : -1,
                                          "name" : "noise2d"
                                       },
                                       {
                                          "index" : -1,
                                          "name" : "fun"
                                       },
                                       {
                                          "index" : -1,
                                          "name" : "terms"
                                       },
                                       {
                                          "index" : 1,
                                          "name" : ""
                                       },
                                       {
                                          "index" : -1,
                                          "name" : "multiplier"
                                       }
                                    ],
                                    "linkType" : "LT:CUSTOM_SLIDER",
                                    "sliderValue" : 1
                                 }
                              ],
                              "reference" : "noise2d/heightmaps/rollinghills.json",
                              "seed" : 11554724105357981035,
                              "seed-combine" : true,
                              "seed-hash" : "RxAAzYt6DNl6Ips4",
                              "tick" : 0,
                              "type" : "reference"
                           },
                           "multiplier" : 0.067000001668930054,
                           "power" : 1
                        },
                        {
                           "fun" : {
                              "@collapsed" : false,
                              "@name" : "Constant 2D",
                              "@position" : [ 9098, 7660 ],
                              "frequency" : 1,
                              "type" : "constant",
                              "value" : -0.79300004243850708
                           },
                           "multiplier" : 1,
                           "power" : 1
                        }
                     ],
                     "type" : "sum"
                  },
                  "heightmapBlockType" : "ROCK_SEDIMENTARY_BASE",
                  "heightmapMaxY" : {
                     "enabled" : false,
                     "value" : 256
                  },
                  "heightmapMinY" : {
                     "enabled" : false,
                     "value" : 0
                  },
                  "parts" : [],
                  "seed" : 0,
                  "seed-combine" : true,
                  "seed-hash" : "",
                  "shrink" : null,
                  "strata" : {
                     "@collapsed" : false,
                     "@name" : "Join Strata",
                     "@position" : [ 8845, 9016 ],
                     "components" : [
                        {
                           "fun" : {
                              "@collapsed" : true,
                              "@name" : "Fill1",
                              "@position" : [ 9146, 8993 ],
                              "links" : [],
                              "reference" : "strata/fill1.json",
                              "seed" : 0,
                              "seed-combine" : true,
                              "seed-hash" : "",
                              "tick" : 0,
                              "type" : "reference"
                           },
                           "w" : 0.5
                        },
                        {
                           "fun" : {
                              "@collapsed" : false,
                              "@name" : "Fill2",
                              "@position" : [ 9146, 9037 ],
                              "links" : [],
                              "reference" : "strata/fill2.json",
                              "seed" : 0,
                              "seed-combine" : true,
                              "seed-hash" : "",
                              "tick" : 0,
                              "type" : "reference"
                           },
                           "w" : 0.5
                        },
                        {
                           "fun" : {
                              "@collapsed" : false,
                              "@name" : "Fill3",
                              "@position" : [ 9146, 9120 ],
                              "links" : [],
                              "reference" : "strata/fill3.json",
                              "seed" : 0,
                              "seed-combine" : true,
                              "seed-hash" : "",
                              "tick" : 0,
                              "type" : "reference"
                           },
                           "w" : 0.5
                        },
                        {
                           "fun" : {
                              "@collapsed" : false,
                              "@name" : "Fill4",
                              "@position" : [ 9146, 9203 ],
                              "links" : [],
                              "reference" : "strata/fill4.json",
                              "seed" : 0,
                              "seed-combine" : true,
                              "seed-hash" : "",
                              "tick" : 0,
                              "type" : "reference"
                           },
                           "w" : 0.5
                        },
                        {
                           "fun" : {
                              "@collapsed" : false,
                              "@name" : "Fill5",
                              "@position" : [ 9146, 9286 ],
                              "links" : [],
                              "reference" : "strata/fill5.json",
                              "seed" : 0,
                              "seed-combine" : true,
                              "seed-hash" : "",
                              "tick" : 0,
                              "type" : "reference"
                           },
                           "w" : 0.5
                        }
                     ],
                     "count" : 5,
                     "seed" : 0,
                     "seed-combine" : true,
                     "seed-hash" : "",
                     "type" : "join"
                  },
                  "surface_decorations" : {
                     "@collapsed" : false,
                     "@name" : "lake_bed",
                     "@position" : [ 8853, 9523 ],
                     "links" : [],
                     "reference" : "decorations/lake_bed.json",
                     "seed" : 5460134915298984254,
                     "seed-combine" : true,
                     "seed-hash" : "d9x4UP94FidtYhvq",
                     "tick" : 0,
                     "type" : "reference"
                  },
                  "surface_substrate" : {
                     "@collapsed" : false,
                     "@name" : "lake_bed",
                     "@position" : [ 8845, 9368 ],
                     "links" : [
                        {
                           "linkPath" : [
                              {
                                 "index" : -1,
                                 "name" : "substrate"
                              },
                              {
                                 "index" : -1,
                                 "name" : "fun"
                              },
                              {
                                 "index" : -1,
                                 "name" : "strates"
                              },
                              {
                                 "index" : 0,
                                 "name" : ""
                              },
                              {
                                 "index" : -1,
                                 "name" : "depthNoise"
                              },
                              {
                                 "index" : -1,
                                 "name" : "terms"
                              },
                              {
                                 "index" : 2,
                                 "name" : ""
                              },
                              {
                                 "index" : -1,
                                 "name" : "terms"
                              },
                              {
                                 "index" : 0,
                                 "name" : ""
                              },
                              {
                                 "index" : -1,
                                 "name" : "fun"
                              }
                           ],
                           "linkType" : "LT:NOISE_2D",
                           "nodeValue" : null
                        },
                        {
                           "linkPath" : [
                              {
                                 "index" : -1,
                                 "name" : "substrate"
                              },
                              {
                                 "index" : -1,
                                 "name" : "fun"
                              },
                              {
                                 "index" : -1,
                                 "name" : "strates"
                              },
                              {
                                 "index" : 2,
                                 "name" : ""
                              },
                              {
                                 "index" : -1,
                                 "name" : "depthNoise"
                              },
                              {
                                 "index" : -1,
                                 "name" : "terms"
                              },
                              {
                                 "index" : 1,
                                 "name" : ""
                              },
                              {
                                 "index" : -1,
                                 "name" : "terms"
                              },
                              {
                                 "index" : 0,
                                 "name" : ""
                              },
                              {
                                 "index" : -1,
                                 "name" : "fun"
                              }
                           ],
                           "linkType" : "LT:NOISE_2D",
                           "nodeValue" : null
                        },
                        {
                           "linkPath" : [
                              {
                                 "index" : -1,
                                 "name" : "substrate"
                              },
                              {
                                 "index" : -1,
                                 "name" : "fun"
                              },
                              {
                                 "index" : -1,
                                 "name" : "strates"
                              },
                              {
                                 "index" : 1,
                                 "name" : ""
                              },
                              {
                                 "index" : -1,
                                 "name" : "depthNoise"
                              },
                              {
                                 "index" : -1,
                                 "name" : "terms"
                              },
                              {
                                 "index" : 2,
                                 "name" : ""
                              },
                              {
                                 "index" : -1,
                                 "name" : "terms"
                              },
                              {
                                 "index" : 0,
                                 "name" : ""
                              },
                              {
                                 "index" : -1,
                                 "name" : "fun"
                              }
                           ],
                           "linkType" : "LT:NOISE_2D",
                           "nodeValue" : null
                        },
                        {
                           "linkPath" : [
                              {
                                 "index" : -1,
                                 "name" : "substrate"
                              },
                              {
                                 "index" : -1,
                                 "name" : "fun"
                              },
                              {
                                 "index" : -1,
                                 "name" : "strates"
                              },
                              {
                                 "index" : 3,
                                 "name" : ""
                              },
                              {
                                 "index" : -1,
                                 "name" : "depthNoise"
                              },
                              {
                                 "index" : -1,
                                 "name" : "terms"
                              },
                              {
                                 "index" : 1,
                                 "name" : ""
                              },
                              {
                                 "index" : -1,
                                 "name" : "terms"
                              },
                              {
                                 "index" : 0,
                                 "name" : ""
                              },
                              {
                                 "index" : -1,
                                 "name" : "fun"
                              }
                           ],
                           "linkType" : "LT:NOISE_2D",
                           "nodeValue" : null
                        }
                     ],
                     "reference" : "substrate/lake_bed.json",
                     "seed" : 0,
                     "seed-combine" : true,
                     "seed-hash" : "",
                     "tick" : 0,
                     "type" : "reference"
                  },
                  "threeD" : {
                     "@collapsed" : false,
                     "@name" : "Layered 3D",
                     "@position" : [ 8807, 7853 ],
                     "components" : [
                        {
                           "fun" : {
                              "@collapsed" : false,
                              "@name" : "Constant 3D",
                              "@position" : [ 9122, 7849 ],
                              "frequency" : [ 1, 1 ],
                              "type" : "constant",
                              "value" : 0
                           },
                           "noiseMaxY" : 128,
                           "y" : 63.631004333496094,
                           "yfun" : null
                        },
                        {
                           "fun" : {
                              "@collapsed" : false,
                              "@name" : "Distort 3D",
                              "@position" : [ 9134, 7979 ],
                              "base" : {
                                 "@collapsed" : false,
                                 "@name" : "Perlin 3D",
                                 "@position" : [ 9443, 7840 ],
                                 "frequency" : [ 0.23700001835823059, 1 ],
                                 "seed" : 910866925847216451,
                                 "seed-combine" : true,
                                 "seed-hash" : "akXHcR2K285yzxd4",
                                 "type" : "perlin"
                              },
                              "distortion" : {
                                 "@collapsed" : false,
                                 "@name" : "Fractal 3D",
                                 "@position" : [ 9443, 7969 ],
                                 "frequency" : [ 0.24700000882148743, 0.21400001645088196 ],
                                 "fun" : {
                                    "@collapsed" : false,
                                    "@name" : "Perlin 3D",
                                    "@position" : [ 9726, 8084 ],
                                    "frequency" : [ 1, 1 ],
                                    "seed" : 13905920462229487024,
                                    "seed-combine" : true,
                                    "seed-hash" : "ZS145ojVPzuoVw6R",
                                    "type" : "perlin"
                                 },
                                 "octaves" : [
                                    {
                                       "multiplier" : 1,
                                       "scale" : 1,
                                       "seed" : 5351483914011748831,
                                       "seed-combine" : true,
                                       "seed-hash" : "4k14m0ezKlr7PojV"
                                    },
                                    {
                                       "multiplier" : 1,
                                       "scale" : 1,
                                       "seed" : 17264812609521421254,
                                       "seed-combine" : true,
                                       "seed-hash" : "BySAejeCEELuvaqt"
                                    }
                                 ],
                                 "seed" : 0,
                                 "seed-combine" : true,
                                 "seed-hash" : "",
                                 "type" : "fractal"
                              },
                              "distortionScale" : [
                                 1.0710000991821289,
                                 {
                                    "max" : 4,
                                    "min" : 0.0010000000474974513
                                 }
                              ],
                              "frequency" : [ 1, 1 ],
                              "seed" : 0,
                              "seed-combine" : true,
                              "seed-hash" : "",
                              "type" : "distort"
                           },
                           "noiseMaxY" : 128,
                           "y" : 64.476005554199219,
                           "yfun" : null
                        },
                        {
                           "fun" : {
                              "@collapsed" : false,
                              "@name" : "Constant 3D",
                              "@position" : [ 9146, 8213 ],
                              "frequency" : [ 1, 1 ],
                              "type" : "constant",
                              "value" : 0
                           },
                           "noiseMaxY" : 128,
                           "y" : 66.811004638671875,
                           "yfun" : null
                        }
                     ],
                     "frequency" : [
                        {
                           "max" : 2,
                           "min" : 0.40000000596046448
                        },
                        {
                           "max" : 2,
                           "min" : 0.5
                        }
                     ],
                     "seed" : 0,
                     "seed-combine" : true,
                     "seed-hash" : "",
                     "type" : "layered"
                  },
                  "threeDMaxY" : {
                     "enabled" : false,
                     "value" : 256
                  },
                  "threeDMinY" : {
                     "enabled" : false,
                     "value" : 0
                  },
                  "threeDSurfaceMaxY" : {
                     "enabled" : false,
                     "value" : 256
                  },
                  "threeDSurfaceMinY" : {
                     "enabled" : false,
                     "value" : 0
                  },
                  "threeDThresholdBias" : {
                     "enabled" : true,
                     "value" : 0
                  },
                  "threed_decorations" : null,
                  "threed_substrate" : {
                     "@collapsed" : false,
                     "@name" : "Standard Substrate",
                     "@position" : [ 8861, 9618 ],
                     "@toggle-ceils" : false,
                     "@toggle-strates" : false,
                     "ceils" : [],
                     "seed" : 0,
                     "seed-combine" : true,
                     "seed-hash" : "",
                     "strates" : [
                        {
                           "averageDepth" : 7,
                           "blockType" : "ICE_DEFAULT_BASE",
                           "depthNoise" : null,
                           "depthNoiseScale" : 3,
                           "maxGradient" : 5,
                           "maxY" : 256,
                           "metadata" : {
                              "@toggle-metadata" : true,
                              "maxGradient" : 5,
                              "maxThreshold" : 1,
                              "maxY" : 256,
                              "minGradient" : 0,
                              "minThreshold" : -1,
                              "minY" : 0,
                              "noise" : null
                           },
                           "minGradient" : 0,
                           "minY" : 0
                        }
                     ],
                     "type" : "standard"
                  },
                  "type" : "standard",
                  "x" : null,
                  "y" : null
               },
               "seed" : 0,
               "seed-combine" : false,
               "seed-hash" : "",
               "temperature" : {
                  "enabled" : true,
                  "value" : 0.095000006258487701
               },
               "type" : "standard",
               "vegetation" : {
                  "enabled" : true,
                  "value" : 0.088000006973743439
               },
               "weight" : 0.5
            },
            "links" : [
               {
                  "blockConstraint" : 1779159312,
                  "blockDefault" : "",
                  "checkDefault" : true,
                  "linkPath" : [
                     {
                        "index" : -1,
                        "name" : "biome"
                     },
                     {
                        "index" : -1,
                        "name" : "fun"
                     },
                     {
                        "index" : -1,
                        "name" : "weight"
                     }
                  ],
                  "linkType" : "LT:CUSTOM_SLIDER",
                  "name" : "Biome Weight",
                  "shortPath" : "ice_lake.weight",
                  "sliderCheck" : false,
                  "sliderDefault" : 0.60000002384185791,
                  "sliderMax" : 1,
                  "sliderMin" : 0,
                  "sliderStep" : 0.0010000000474974513
               }
            ]
         },
         "generator" : {
            "@version" : 6,
            "biomeSize" : 24,
            "lowerSea" : {
               "level" : 16,
               "liquidType" : "LAVA"
            },
            "sea" : {
               "level" : 64,
               "liquidType" : "WATER"
            }
         },
         "seed" : "I has a seed!",
         "sharedConfig" : {
            "blockColors" : {
               "ASH_DEFAULT_BASE" : 1,
               "CRYSTAL_GLEAM_BASE" : 13,
               "FLORA_FLOWER_1" : 1,
               "FLORA_FLOWER_2" : 1,
               "FLORA_FLOWER_3" : 1,
               "FLORA_FLOWER_4" : 1,
               "GRASS_BARBED_BASE" : 8,
               "GRASS_GNARLED_BASE" : 7,
               "GRASS_VERDANT_BASE" : 9,
               "GRAVEL_DEFAULT_BASE" : 16,
               "GROWTH_DEFAULT_BASE" : 1,
               "ICE_DEFAULT_BASE" : 1,
               "ICE_GLACIER_BASE" : 1,
               "MOULD_DEFAULT_BASE" : 1,
               "MUD_DEFAULT_BASE" : 1,
               "ROCK_IGNEOUS_BASE" : 4,
               "ROCK_METAMORPHIC_BASE" : 5,
               "ROCK_SEDIMENTARY_BASE" : 6,
               "SAND_DEFAULT_BASE" : 16,
               "SOIL_CLAY_BASE" : 1,
               "SOIL_PEATY_BASE" : 3,
               "SOIL_SILTY_BASE" : 2,
               "SPONGE_DEFAULT_BASE" : 1,
               "TANGLE_DEFAULT_BASE" : 1,
               "THORNS_DEFAULT_BASE" : 1,
               "WOOD_ANCIENT_TRUNK" : 10,
               "WOOD_EXOTIC_LEAVES" : 15,
               "WOOD_LUSH_LEAVES" : 13,
               "WOOD_LUSTROUS_TRUNK" : 1,
               "WOOD_TWISTED_TRUNK" : 11,
               "WOOD_WAXY_LEAVES" : 14
            },
            "worldSize" : 288
         },
         "test" : {
            "@collapsed" : false,
            "@name" : "Reference Biome",
            "@position" : [ 8005, 9180 ],
            "seed" : 0,
            "seed-combine" : true,
            "seed-hash" : "",
            "type" : "reference"
         }
      },
      "links" : [],
      "reference" : "",
      "seed" : 0,
      "seed-combine" : true,
      "seed-hash" : "",
      "tick" : 0,
      "type" : "reference"
   }
}
