{
   "@collapsed" : false,
   "@configType" : "BIOME",
   "@name" : "icebergs",
   "@position" : [ 7608, 7880 ],
   "@scroll" : [ 8330.5126953125, 8497.6953125, -0.5 ],
   "@toggle-test" : false,
   "@toggle-world" : true,
   "@unlinked" : [],
   "@version" : 17,
   "biome" : {
      "fun" : {
         "@collapsed" : false,
         "@name" : "icebergs",
         "@position" : [ 8004, 8208 ],
         "altitude" : {
            "enabled" : true,
            "value" : 0.25
         },
         "humidity" : {
            "enabled" : true,
            "value" : 0.5690000057220459
         },
         "labels" : [
            {
               "label" : "tier_4"
            },
            {
               "label" : "ice"
            },
            {
               "label" : "cold"
            },
            {
               "label" : "liquid"
            },
            {
               "label" : "sea"
            }
         ],
         "nameStyle" : "Lacuna",
         "part" : {
            "@collapsed" : false,
            "@name" : "icebergs",
            "@position" : [ 8398, 7915 ],
            "@selector-open" : false,
            "@toggle-caves" : true,
            "@toggle-ccaves" : true,
            "@toggle-csurface" : true,
            "@toggle-cthreed" : true,
            "@toggle-data" : true,
            "@toggle-drop" : false,
            "@toggle-heightmap" : true,
            "@toggle-selector" : false,
            "@toggle-stage" : true,
            "@toggle-threed" : true,
            "@toggle-visualise" : true,
            "@x-name" : "x",
            "@y-name" : "y",
            "caveSurfaceShrink" : {
               "enabled" : false,
               "value" : 1
            },
            "caveThresholdBias" : {
               "enabled" : true,
               "value" : -1
            },
            "caves" : {
               "@collapsed" : false,
               "@name" : "Layered 3D",
               "@position" : [ 8734, 7968 ],
               "components" : [
                  {
                     "fun" : {
                        "@collapsed" : false,
                        "@name" : "tier_4_caves",
                        "@position" : [ 9064, 7847 ],
                        "frequency" : [ 1, 1 ],
                        "links" : [],
                        "reference" : "noise3d/caves/release/tier_4_caves.json",
                        "seed" : 10241904780022452932,
                        "seed-combine" : true,
                        "seed-hash" : "zlvopHnuLg1ZMAdR",
                        "tick" : 0,
                        "type" : "reference"
                     },
                     "noiseMaxY" : 256,
                     "y" : 0,
                     "yfun" : {
                        "@collapsed" : false,
                        "@name" : "Sum 2D",
                        "@position" : [ 9070, 7997 ],
                        "frequency" : 1,
                        "seed" : 0,
                        "seed-combine" : true,
                        "seed-hash" : "",
                        "terms" : [
                           {
                              "fun" : {
                                 "@collapsed" : false,
                                 "@name" : "Sum 2D",
                                 "@position" : [ 9388, 7935 ],
                                 "frequency" : 1,
                                 "seed" : 0,
                                 "seed-combine" : true,
                                 "seed-hash" : "",
                                 "terms" : [
                                    {
                                       "fun" : {
                                          "@collapsed" : false,
                                          "@name" : "Rolling Hills",
                                          "@position" : [ 9682, 7936 ],
                                          "frequency" : 1,
                                          "links" : [
                                             {
                                                "linkPath" : [
                                                   {
                                                      "index" : -1,
                                                      "name" : "noise2d"
                                                   },
                                                   {
                                                      "index" : -1,
                                                      "name" : "fun"
                                                   },
                                                   {
                                                      "index" : -1,
                                                      "name" : "terms"
                                                   },
                                                   {
                                                      "index" : 0,
                                                      "name" : ""
                                                   },
                                                   {
                                                      "index" : -1,
                                                      "name" : "multiplier"
                                                   }
                                                ],
                                                "linkType" : "LT:CUSTOM_SLIDER",
                                                "sliderValue" : 1
                                             },
                                             {
                                                "linkPath" : [
                                                   {
                                                      "index" : -1,
                                                      "name" : "noise2d"
                                                   },
                                                   {
                                                      "index" : -1,
                                                      "name" : "fun"
                                                   },
                                                   {
                                                      "index" : -1,
                                                      "name" : "terms"
                                                   },
                                                   {
                                                      "index" : 1,
                                                      "name" : ""
                                                   },
                                                   {
                                                      "index" : -1,
                                                      "name" : "multiplier"
                                                   }
                                                ],
                                                "linkType" : "LT:CUSTOM_SLIDER",
                                                "sliderValue" : 1
                                             }
                                          ],
                                          "reference" : "noise2d/heightmaps/rollinghills.json",
                                          "seed" : 11554724105357981035,
                                          "seed-combine" : true,
                                          "seed-hash" : "RxAAzYt6DNl6Ips4",
                                          "tick" : 0,
                                          "type" : "reference"
                                       },
                                       "multiplier" : 0.067000001668930054,
                                       "power" : 1
                                    },
                                    {
                                       "fun" : {
                                          "@collapsed" : false,
                                          "@name" : "Constant 2D",
                                          "@position" : [ 9682, 8088 ],
                                          "frequency" : 1,
                                          "type" : "constant",
                                          "value" : -0.74800002574920654
                                       },
                                       "multiplier" : 1,
                                       "power" : 1
                                    }
                                 ],
                                 "type" : "sum"
                              },
                              "multiplier" : 1,
                              "power" : 1
                           },
                           {
                              "fun" : {
                                 "@collapsed" : false,
                                 "@name" : "Constant 2D",
                                 "@position" : [ 9393, 8249 ],
                                 "frequency" : 2,
                                 "type" : "constant",
                                 "value" : -0.20000000298023224
                              },
                              "multiplier" : 1,
                              "power" : 1
                           }
                        ],
                        "type" : "sum"
                     }
                  },
                  {
                     "fun" : {
                        "@collapsed" : false,
                        "@name" : "Constant 3D",
                        "@position" : [ 9066, 8320 ],
                        "frequency" : [ 1, 1 ],
                        "type" : "constant",
                        "value" : -1
                     },
                     "noiseMaxY" : 0,
                     "y" : 256,
                     "yfun" : null
                  }
               ],
               "frequency" : [ 1, 1 ],
               "seed" : 0,
               "seed-combine" : true,
               "seed-hash" : "",
               "type" : "layered"
            },
            "caves_decorations" : null,
            "caves_substrate" : {
               "@collapsed" : false,
               "@name" : "tier_2_caves",
               "@position" : [ 8892, 8944 ],
               "links" : [],
               "reference" : "substrate/caves/tier_2_caves.json",
               "seed" : 15408175334311480782,
               "seed-combine" : true,
               "seed-hash" : "pmkJTYGjQmGVz8B8",
               "tick" : 0,
               "type" : "reference"
            },
            "distortion" : null,
            "distortionStrength" : {
               "enabled" : false,
               "value" : 0
            },
            "drop" : null,
            "dropMaxDepth" : {
               "enabled" : false,
               "value" : 5
            },
            "dropMaxGradient" : {
               "enabled" : false,
               "value" : 1.7699999809265137
            },
            "dropMaxNoGravel" : {
               "enabled" : false,
               "value" : 1
            },
            "heightmap" : {
               "@collapsed" : false,
               "@name" : "Sum 2D",
               "@position" : [ 8778, 6815 ],
               "frequency" : 1.003000020980835,
               "seed" : 0,
               "seed-combine" : true,
               "seed-hash" : "",
               "terms" : [
                  {
                     "fun" : {
                        "@collapsed" : false,
                        "@name" : "Rolling Hills",
                        "@position" : [ 9072, 6816 ],
                        "frequency" : 1,
                        "links" : [
                           {
                              "linkPath" : [
                                 {
                                    "index" : -1,
                                    "name" : "noise2d"
                                 },
                                 {
                                    "index" : -1,
                                    "name" : "fun"
                                 },
                                 {
                                    "index" : -1,
                                    "name" : "terms"
                                 },
                                 {
                                    "index" : 0,
                                    "name" : ""
                                 },
                                 {
                                    "index" : -1,
                                    "name" : "multiplier"
                                 }
                              ],
                              "linkType" : "LT:CUSTOM_SLIDER",
                              "sliderValue" : 1
                           },
                           {
                              "linkPath" : [
                                 {
                                    "index" : -1,
                                    "name" : "noise2d"
                                 },
                                 {
                                    "index" : -1,
                                    "name" : "fun"
                                 },
                                 {
                                    "index" : -1,
                                    "name" : "terms"
                                 },
                                 {
                                    "index" : 1,
                                    "name" : ""
                                 },
                                 {
                                    "index" : -1,
                                    "name" : "multiplier"
                                 }
                              ],
                              "linkType" : "LT:CUSTOM_SLIDER",
                              "sliderValue" : 1
                           }
                        ],
                        "reference" : "noise2d/heightmaps/rollinghills.json",
                        "seed" : 11554724105357981035,
                        "seed-combine" : true,
                        "seed-hash" : "RxAAzYt6DNl6Ips4",
                        "tick" : 0,
                        "type" : "reference"
                     },
                     "multiplier" : 0.067000001668930054,
                     "power" : 1
                  },
                  {
                     "fun" : {
                        "@collapsed" : false,
                        "@name" : "Constant 2D",
                        "@position" : [ 9072, 6968 ],
                        "frequency" : 1,
                        "type" : "constant",
                        "value" : -0.74800002574920654
                     },
                     "multiplier" : 1,
                     "power" : 1
                  }
               ],
               "type" : "sum"
            },
            "heightmapBlockType" : "AIR",
            "heightmapMaxY" : {
               "enabled" : false,
               "value" : 256
            },
            "heightmapMinY" : {
               "enabled" : false,
               "value" : 0
            },
            "parts" : [],
            "seed" : 0,
            "seed-combine" : true,
            "seed-hash" : "",
            "shrink" : null,
            "strata" : {
               "@collapsed" : false,
               "@name" : "Join Strata",
               "@position" : [ 8765, 8517 ],
               "components" : [
                  {
                     "fun" : {
                        "@collapsed" : true,
                        "@name" : "Fill1",
                        "@position" : [ 9066, 8494 ],
                        "links" : [],
                        "reference" : "strata/fill1.json",
                        "seed" : 0,
                        "seed-combine" : true,
                        "seed-hash" : "",
                        "tick" : 0,
                        "type" : "reference"
                     },
                     "w" : 0.5
                  },
                  {
                     "fun" : {
                        "@collapsed" : false,
                        "@name" : "Fill2",
                        "@position" : [ 9066, 8538 ],
                        "links" : [],
                        "reference" : "strata/fill2.json",
                        "seed" : 0,
                        "seed-combine" : true,
                        "seed-hash" : "",
                        "tick" : 0,
                        "type" : "reference"
                     },
                     "w" : 0.5
                  },
                  {
                     "fun" : {
                        "@collapsed" : false,
                        "@name" : "Fill3",
                        "@position" : [ 9066, 8621 ],
                        "links" : [],
                        "reference" : "strata/fill3.json",
                        "seed" : 0,
                        "seed-combine" : true,
                        "seed-hash" : "",
                        "tick" : 0,
                        "type" : "reference"
                     },
                     "w" : 0.5
                  },
                  {
                     "fun" : {
                        "@collapsed" : false,
                        "@name" : "Fill4",
                        "@position" : [ 9066, 8704 ],
                        "links" : [],
                        "reference" : "strata/fill4.json",
                        "seed" : 0,
                        "seed-combine" : true,
                        "seed-hash" : "",
                        "tick" : 0,
                        "type" : "reference"
                     },
                     "w" : 0.5
                  },
                  {
                     "fun" : {
                        "@collapsed" : false,
                        "@name" : "Fill5",
                        "@position" : [ 9066, 8787 ],
                        "links" : [],
                        "reference" : "strata/fill5.json",
                        "seed" : 0,
                        "seed-combine" : true,
                        "seed-hash" : "",
                        "tick" : 0,
                        "type" : "reference"
                     },
                     "w" : 0.5
                  }
               ],
               "count" : 5,
               "seed" : 0,
               "seed-combine" : true,
               "seed-hash" : "",
               "type" : "join"
            },
            "surface_decorations" : null,
            "surface_substrate" : {
               "@collapsed" : false,
               "@name" : "lake_bed",
               "@position" : [ 8765, 8852 ],
               "links" : [
                  {
                     "linkPath" : [
                        {
                           "index" : -1,
                           "name" : "substrate"
                        },
                        {
                           "index" : -1,
                           "name" : "fun"
                        },
                        {
                           "index" : -1,
                           "name" : "strates"
                        },
                        {
                           "index" : 0,
                           "name" : ""
                        },
                        {
                           "index" : -1,
                           "name" : "depthNoise"
                        },
                        {
                           "index" : -1,
                           "name" : "terms"
                        },
                        {
                           "index" : 2,
                           "name" : ""
                        },
                        {
                           "index" : -1,
                           "name" : "terms"
                        },
                        {
                           "index" : 0,
                           "name" : ""
                        },
                        {
                           "index" : -1,
                           "name" : "fun"
                        }
                     ],
                     "linkType" : "LT:NOISE_2D",
                     "nodeValue" : null
                  },
                  {
                     "linkPath" : [
                        {
                           "index" : -1,
                           "name" : "substrate"
                        },
                        {
                           "index" : -1,
                           "name" : "fun"
                        },
                        {
                           "index" : -1,
                           "name" : "strates"
                        },
                        {
                           "index" : 2,
                           "name" : ""
                        },
                        {
                           "index" : -1,
                           "name" : "depthNoise"
                        },
                        {
                           "index" : -1,
                           "name" : "terms"
                        },
                        {
                           "index" : 1,
                           "name" : ""
                        },
                        {
                           "index" : -1,
                           "name" : "terms"
                        },
                        {
                           "index" : 0,
                           "name" : ""
                        },
                        {
                           "index" : -1,
                           "name" : "fun"
                        }
                     ],
                     "linkType" : "LT:NOISE_2D",
                     "nodeValue" : null
                  },
                  {
                     "linkPath" : [
                        {
                           "index" : -1,
                           "name" : "substrate"
                        },
                        {
                           "index" : -1,
                           "name" : "fun"
                        },
                        {
                           "index" : -1,
                           "name" : "strates"
                        },
                        {
                           "index" : 1,
                           "name" : ""
                        },
                        {
                           "index" : -1,
                           "name" : "depthNoise"
                        },
                        {
                           "index" : -1,
                           "name" : "terms"
                        },
                        {
                           "index" : 2,
                           "name" : ""
                        },
                        {
                           "index" : -1,
                           "name" : "terms"
                        },
                        {
                           "index" : 0,
                           "name" : ""
                        },
                        {
                           "index" : -1,
                           "name" : "fun"
                        }
                     ],
                     "linkType" : "LT:NOISE_2D",
                     "nodeValue" : null
                  },
                  {
                     "linkPath" : [
                        {
                           "index" : -1,
                           "name" : "substrate"
                        },
                        {
                           "index" : -1,
                           "name" : "fun"
                        },
                        {
                           "index" : -1,
                           "name" : "strates"
                        },
                        {
                           "index" : 3,
                           "name" : ""
                        },
                        {
                           "index" : -1,
                           "name" : "depthNoise"
                        },
                        {
                           "index" : -1,
                           "name" : "terms"
                        },
                        {
                           "index" : 1,
                           "name" : ""
                        },
                        {
                           "index" : -1,
                           "name" : "terms"
                        },
                        {
                           "index" : 0,
                           "name" : ""
                        },
                        {
                           "index" : -1,
                           "name" : "fun"
                        }
                     ],
                     "linkType" : "LT:NOISE_2D",
                     "nodeValue" : null
                  }
               ],
               "reference" : "substrate/lake_bed.json",
               "seed" : 0,
               "seed-combine" : true,
               "seed-hash" : "",
               "tick" : 0,
               "type" : "reference"
            },
            "threeD" : {
               "@collapsed" : false,
               "@name" : "Layered 3D",
               "@position" : [ 8760, 7240 ],
               "components" : [
                  {
                     "fun" : {
                        "@collapsed" : false,
                        "@name" : "Constant 3D",
                        "@position" : [ 9106, 7111 ],
                        "frequency" : [ 1, 1 ],
                        "type" : "constant",
                        "value" : 0.87200003862380981
                     },
                     "noiseMaxY" : 128,
                     "y" : 0,
                     "yfun" : null
                  },
                  {
                     "fun" : {
                        "@collapsed" : false,
                        "@name" : "Sum 3D",
                        "@position" : [ 9131, 7272 ],
                        "frequency" : [ 1, 1 ],
                        "seed" : 0,
                        "seed-combine" : true,
                        "seed-hash" : "",
                        "terms" : [
                           {
                              "fun" : {
                                 "@collapsed" : false,
                                 "@name" : "Cell Distance 3D",
                                 "@position" : [ 9450, 7275 ],
                                 "cells" : {
                                    "@collapsed" : false,
                                    "@name" : "Voronoi 3D",
                                    "@position" : [ 9768, 7273 ],
                                    "frequency" : [ 0.25200000405311584, 0.23000000417232513 ],
                                    "seed" : 6394364618591556060,
                                    "seed-combine" : true,
                                    "seed-hash" : "wOw4Py6vWItrUymS",
                                    "type" : "voronoi"
                                 },
                                 "frequency" : [ 1, 1 ],
                                 "seed" : 0,
                                 "seed-combine" : true,
                                 "seed-hash" : "",
                                 "type" : "cell_distance"
                              },
                              "multiplier" : -1,
                              "power" : 1
                           },
                           {
                              "fun" : {
                                 "@collapsed" : false,
                                 "@name" : "Constant 3D",
                                 "@position" : [ 9434, 7461 ],
                                 "frequency" : [ 1, 1 ],
                                 "type" : "constant",
                                 "value" : -0.11000000685453415
                              },
                              "multiplier" : 1,
                              "power" : 1
                           }
                        ],
                        "type" : "sum"
                     },
                     "noiseMaxY" : 128,
                     "y" : 54.947002410888672,
                     "yfun" : null
                  },
                  {
                     "fun" : {
                        "@collapsed" : false,
                        "@name" : "Constant 3D",
                        "@position" : [ 9088, 7631 ],
                        "frequency" : [ 1, 1 ],
                        "type" : "constant",
                        "value" : 0
                     },
                     "noiseMaxY" : 128,
                     "y" : 68.694999694824219,
                     "yfun" : null
                  }
               ],
               "frequency" : [
                  {
                     "max" : 2,
                     "min" : 0.40000000596046448
                  },
                  {
                     "max" : 2,
                     "min" : 0.40000000596046448
                  }
               ],
               "seed" : 0,
               "seed-combine" : true,
               "seed-hash" : "",
               "type" : "layered"
            },
            "threeDMaxY" : {
               "enabled" : false,
               "value" : 256
            },
            "threeDMinY" : {
               "enabled" : false,
               "value" : 0
            },
            "threeDSurfaceMaxY" : {
               "enabled" : false,
               "value" : 256
            },
            "threeDSurfaceMinY" : {
               "enabled" : false,
               "value" : 0
            },
            "threeDThresholdBias" : {
               "enabled" : true,
               "value" : 0
            },
            "threed_decorations" : {
               "@collapsed" : false,
               "@name" : "Standard Decorations",
               "@position" : [ 8760, 9192 ],
               "@toggle-ceiling" : false,
               "@toggle-floor" : true,
               "ceiling" : [],
               "floor" : [
                  {
                     "clearance" : 8,
                     "constraintType" : [ "ICE_DEFAULT_BASE" ],
                     "density" : 1,
                     "depth" : 8,
                     "instance" : {
                        "@collapsed" : false,
                        "@name" : "iceberg",
                        "@position" : [ 9137, 9289 ],
                        "links" : [],
                        "reference" : "instances/ocean/iceberg.json",
                        "seed" : 0,
                        "seed-combine" : true,
                        "seed-hash" : "",
                        "tick" : 0,
                        "type" : "reference"
                     },
                     "maxGradient" : 5,
                     "maxSize" : 1,
                     "maxY" : 256,
                     "minGradient" : 0,
                     "minSize" : 0.75999999046325684,
                     "minY" : 0,
                     "noise" : {
                        "@collapsed" : false,
                        "@name" : "Constant 2D",
                        "@position" : [ 9106, 9522 ],
                        "frequency" : 1,
                        "type" : "constant",
                        "value" : -1
                     },
                     "placementType" : "ICE_DEFAULT_BASE",
                     "sizeNoise" : {
                        "@collapsed" : false,
                        "@name" : "Perlin 2D",
                        "@position" : [ 9122, 9380 ],
                        "frequency" : 2,
                        "seed" : 14319976468494879887,
                        "seed-combine" : true,
                        "seed-hash" : "EpD6PmSwXoIDnOQ3",
                        "type" : "perlin"
                     },
                     "smooth" : false,
                     "threshold" : 0
                  }
               ],
               "seed" : 0,
               "seed-combine" : true,
               "seed-hash" : "",
               "type" : "standard"
            },
            "threed_substrate" : {
               "@collapsed" : false,
               "@name" : "Standard Substrate",
               "@position" : [ 8770, 9028 ],
               "@toggle-ceils" : false,
               "@toggle-strates" : false,
               "ceils" : [],
               "seed" : 0,
               "seed-combine" : true,
               "seed-hash" : "",
               "strates" : [
                  {
                     "averageDepth" : 32,
                     "blockType" : "ICE_DEFAULT_BASE",
                     "depthNoise" : {
                        "@collapsed" : false,
                        "@name" : "Constant 2D",
                        "@position" : [ 9102, 9048 ],
                        "frequency" : 1,
                        "type" : "constant",
                        "value" : 1
                     },
                     "depthNoiseScale" : 16,
                     "maxGradient" : 5,
                     "maxY" : 256,
                     "metadata" : {
                        "@toggle-metadata" : true,
                        "maxGradient" : 5,
                        "maxThreshold" : 1,
                        "maxY" : 256,
                        "minGradient" : 0,
                        "minThreshold" : -1,
                        "minY" : 0,
                        "noise" : null
                     },
                     "minGradient" : 0,
                     "minY" : 0
                  }
               ],
               "type" : "standard"
            },
            "type" : "standard",
            "x" : null,
            "y" : null
         },
         "seed" : 0,
         "seed-combine" : false,
         "seed-hash" : "",
         "temperature" : {
            "enabled" : true,
            "value" : 0.095000006258487701
         },
         "type" : "standard",
         "vegetation" : {
            "enabled" : true,
            "value" : 0.088000006973743439
         },
         "weight" : 0.5
      },
      "links" : [
         {
            "blockConstraint" : 1779159312,
            "blockDefault" : "",
            "checkDefault" : true,
            "linkPath" : [
               {
                  "index" : -1,
                  "name" : "biome"
               },
               {
                  "index" : -1,
                  "name" : "fun"
               },
               {
                  "index" : -1,
                  "name" : "weight"
               }
            ],
            "linkType" : "LT:CUSTOM_SLIDER",
            "name" : "Biome Weight",
            "shortPath" : "icebergs.weight",
            "sliderCheck" : false,
            "sliderDefault" : 0.70000004768371582,
            "sliderMax" : 1,
            "sliderMin" : 0,
            "sliderStep" : 0.0010000000474974513
         }
      ]
   },
   "generator" : {
      "@version" : 6,
      "biomeSize" : 24,
      "lowerSea" : {
         "level" : 16,
         "liquidType" : "LAVA"
      },
      "sea" : {
         "level" : 64,
         "liquidType" : "WATER"
      }
   },
   "seed" : "I has a seed!",
   "seed-hash" : "",
   "sharedConfig" : {
      "blockColors" : {
         "ASH_DEFAULT_BASE" : 1,
         "CRYSTAL_GLEAM_BASE" : 13,
         "FLORA_FLOWER_1" : 1,
         "FLORA_FLOWER_2" : 1,
         "FLORA_FLOWER_3" : 1,
         "FLORA_FLOWER_4" : 1,
         "GRASS_BARBED_BASE" : 8,
         "GRASS_GNARLED_BASE" : 7,
         "GRASS_VERDANT_BASE" : 9,
         "GRAVEL_DEFAULT_BASE" : 16,
         "GROWTH_DEFAULT_BASE" : 1,
         "ICE_DEFAULT_BASE" : 1,
         "ICE_GLACIER_BASE" : 1,
         "MOULD_DEFAULT_BASE" : 1,
         "MUD_DEFAULT_BASE" : 1,
         "ROCK_IGNEOUS_BASE" : 4,
         "ROCK_METAMORPHIC_BASE" : 5,
         "ROCK_SEDIMENTARY_BASE" : 6,
         "SAND_DEFAULT_BASE" : 16,
         "SOIL_CLAY_BASE" : 1,
         "SOIL_PEATY_BASE" : 3,
         "SOIL_SILTY_BASE" : 2,
         "SPONGE_DEFAULT_BASE" : 1,
         "TANGLE_DEFAULT_BASE" : 1,
         "THORNS_DEFAULT_BASE" : 1,
         "WOOD_ANCIENT_TRUNK" : 10,
         "WOOD_EXOTIC_LEAVES" : 15,
         "WOOD_LUSH_LEAVES" : 13,
         "WOOD_LUSTROUS_TRUNK" : 1,
         "WOOD_TWISTED_TRUNK" : 11,
         "WOOD_WAXY_LEAVES" : 14
      },
      "seed-hash" : "",
      "worldSize" : 288
   },
   "test" : {
      "@collapsed" : false,
      "@name" : "Reference Biome",
      "@position" : [ 8005, 9180 ],
      "embedded" : {
         "@collapsed" : false,
         "@configType" : "BIOME",
         "@name" : "icebergs",
         "@position" : [ 7608, 7880 ],
         "@toggle-test" : false,
         "@toggle-world" : true,
         "@version" : 17,
         "biome" : {
            "fun" : {
               "@collapsed" : false,
               "@name" : "icebergs",
               "@position" : [ 8004, 8208 ],
               "altitude" : {
                  "enabled" : true,
                  "value" : 0.25
               },
               "humidity" : {
                  "enabled" : true,
                  "value" : 0.5690000057220459
               },
               "labels" : [
                  {
                     "label" : "tier_4"
                  },
                  {
                     "label" : "ice"
                  },
                  {
                     "label" : "cold"
                  },
                  {
                     "label" : "liquid"
                  },
                  {
                     "label" : "sea"
                  }
               ],
               "nameStyle" : "Lacuna",
               "part" : {
                  "@collapsed" : false,
                  "@name" : "icebergs",
                  "@position" : [ 8398, 7915 ],
                  "@selector-open" : false,
                  "@toggle-caves" : true,
                  "@toggle-ccaves" : true,
                  "@toggle-csurface" : true,
                  "@toggle-cthreed" : true,
                  "@toggle-data" : true,
                  "@toggle-drop" : false,
                  "@toggle-heightmap" : true,
                  "@toggle-selector" : false,
                  "@toggle-stage" : true,
                  "@toggle-threed" : true,
                  "@toggle-visualise" : true,
                  "@x-name" : "x",
                  "@y-name" : "y",
                  "caveSurfaceShrink" : {
                     "enabled" : false,
                     "value" : 1
                  },
                  "caveThresholdBias" : {
                     "enabled" : true,
                     "value" : -1
                  },
                  "caves" : {
                     "@collapsed" : false,
                     "@name" : "Layered 3D",
                     "@position" : [ 8734, 7968 ],
                     "components" : [
                        {
                           "fun" : {
                              "@collapsed" : false,
                              "@name" : "tier_4_caves",
                              "@position" : [ 9064, 7847 ],
                              "frequency" : [ 1, 1 ],
                              "links" : [],
                              "reference" : "noise3d/caves/release/tier_4_caves.json",
                              "seed" : 10241904780022452932,
                              "seed-combine" : true,
                              "seed-hash" : "zlvopHnuLg1ZMAdR",
                              "tick" : 0,
                              "type" : "reference"
                           },
                           "noiseMaxY" : 256,
                           "y" : 0,
                           "yfun" : {
                              "@collapsed" : false,
                              "@name" : "Sum 2D",
                              "@position" : [ 9070, 7997 ],
                              "frequency" : 1,
                              "seed" : 0,
                              "seed-combine" : true,
                              "seed-hash" : "",
                              "terms" : [
                                 {
                                    "fun" : {
                                       "@collapsed" : false,
                                       "@name" : "Sum 2D",
                                       "@position" : [ 9388, 7935 ],
                                       "frequency" : 1,
                                       "seed" : 0,
                                       "seed-combine" : true,
                                       "seed-hash" : "",
                                       "terms" : [
                                          {
                                             "fun" : {
                                                "@collapsed" : false,
                                                "@name" : "Rolling Hills",
                                                "@position" : [ 9682, 7936 ],
                                                "frequency" : 1,
                                                "links" : [
                                                   {
                                                      "linkPath" : [
                                                         {
                                                            "index" : -1,
                                                            "name" : "noise2d"
                                                         },
                                                         {
                                                            "index" : -1,
                                                            "name" : "fun"
                                                         },
                                                         {
                                                            "index" : -1,
                                                            "name" : "terms"
                                                         },
                                                         {
                                                            "index" : 0,
                                                            "name" : ""
                                                         },
                                                         {
                                                            "index" : -1,
                                                            "name" : "multiplier"
                                                         }
                                                      ],
                                                      "linkType" : "LT:CUSTOM_SLIDER",
                                                      "sliderValue" : 1
                                                   },
                                                   {
                                                      "linkPath" : [
                                                         {
                                                            "index" : -1,
                                                            "name" : "noise2d"
                                                         },
                                                         {
                                                            "index" : -1,
                                                            "name" : "fun"
                                                         },
                                                         {
                                                            "index" : -1,
                                                            "name" : "terms"
                                                         },
                                                         {
                                                            "index" : 1,
                                                            "name" : ""
                                                         },
                                                         {
                                                            "index" : -1,
                                                            "name" : "multiplier"
                                                         }
                                                      ],
                                                      "linkType" : "LT:CUSTOM_SLIDER",
                                                      "sliderValue" : 1
                                                   }
                                                ],
                                                "reference" : "noise2d/heightmaps/rollinghills.json",
                                                "seed" : 11554724105357981035,
                                                "seed-combine" : true,
                                                "seed-hash" : "RxAAzYt6DNl6Ips4",
                                                "tick" : 0,
                                                "type" : "reference"
                                             },
                                             "multiplier" : 0.067000001668930054,
                                             "power" : 1
                                          },
                                          {
                                             "fun" : {
                                                "@collapsed" : false,
                                                "@name" : "Constant 2D",
                                                "@position" : [ 9682, 8088 ],
                                                "frequency" : 1,
                                                "type" : "constant",
                                                "value" : -0.74800002574920654
                                             },
                                             "multiplier" : 1,
                                             "power" : 1
                                          }
                                       ],
                                       "type" : "sum"
                                    },
                                    "multiplier" : 1,
                                    "power" : 1
                                 },
                                 {
                                    "fun" : {
                                       "@collapsed" : false,
                                       "@name" : "Constant 2D",
                                       "@position" : [ 9393, 8249 ],
                                       "frequency" : 2,
                                       "type" : "constant",
                                       "value" : -0.20000000298023224
                                    },
                                    "multiplier" : 1,
                                    "power" : 1
                                 }
                              ],
                              "type" : "sum"
                           }
                        },
                        {
                           "fun" : {
                              "@collapsed" : false,
                              "@name" : "Constant 3D",
                              "@position" : [ 9066, 8320 ],
                              "frequency" : [ 1, 1 ],
                              "type" : "constant",
                              "value" : -1
                           },
                           "noiseMaxY" : 0,
                           "y" : 256,
                           "yfun" : null
                        }
                     ],
                     "frequency" : [ 1, 1 ],
                     "seed" : 0,
                     "seed-combine" : true,
                     "seed-hash" : "",
                     "type" : "layered"
                  },
                  "caves_decorations" : null,
                  "caves_substrate" : {
                     "@collapsed" : false,
                     "@name" : "tier_2_caves",
                     "@position" : [ 8892, 8944 ],
                     "links" : [],
                     "reference" : "substrate/caves/tier_2_caves.json",
                     "seed" : 15408175334311480782,
                     "seed-combine" : true,
                     "seed-hash" : "pmkJTYGjQmGVz8B8",
                     "tick" : 0,
                     "type" : "reference"
                  },
                  "distortion" : null,
                  "distortionStrength" : {
                     "enabled" : false,
                     "value" : 0
                  },
                  "drop" : null,
                  "dropMaxDepth" : {
                     "enabled" : false,
                     "value" : 5
                  },
                  "dropMaxGradient" : {
                     "enabled" : false,
                     "value" : 1.7699999809265137
                  },
                  "dropMaxNoGravel" : {
                     "enabled" : false,
                     "value" : 1
                  },
                  "heightmap" : {
                     "@collapsed" : false,
                     "@name" : "Sum 2D",
                     "@position" : [ 8778, 6815 ],
                     "frequency" : 1.003000020980835,
                     "seed" : 0,
                     "seed-combine" : true,
                     "seed-hash" : "",
                     "terms" : [
                        {
                           "fun" : {
                              "@collapsed" : false,
                              "@name" : "Rolling Hills",
                              "@position" : [ 9072, 6816 ],
                              "frequency" : 1,
                              "links" : [
                                 {
                                    "linkPath" : [
                                       {
                                          "index" : -1,
                                          "name" : "noise2d"
                                       },
                                       {
                                          "index" : -1,
                                          "name" : "fun"
                                       },
                                       {
                                          "index" : -1,
                                          "name" : "terms"
                                       },
                                       {
                                          "index" : 0,
                                          "name" : ""
                                       },
                                       {
                                          "index" : -1,
                                          "name" : "multiplier"
                                       }
                                    ],
                                    "linkType" : "LT:CUSTOM_SLIDER",
                                    "sliderValue" : 1
                                 },
                                 {
                                    "linkPath" : [
                                       {
                                          "index" : -1,
                                          "name" : "noise2d"
                                       },
                                       {
                                          "index" : -1,
                                          "name" : "fun"
                                       },
                                       {
                                          "index" : -1,
                                          "name" : "terms"
                                       },
                                       {
                                          "index" : 1,
                                          "name" : ""
                                       },
                                       {
                                          "index" : -1,
                                          "name" : "multiplier"
                                       }
                                    ],
                                    "linkType" : "LT:CUSTOM_SLIDER",
                                    "sliderValue" : 1
                                 }
                              ],
                              "reference" : "noise2d/heightmaps/rollinghills.json",
                              "seed" : 11554724105357981035,
                              "seed-combine" : true,
                              "seed-hash" : "RxAAzYt6DNl6Ips4",
                              "tick" : 0,
                              "type" : "reference"
                           },
                           "multiplier" : 0.067000001668930054,
                           "power" : 1
                        },
                        {
                           "fun" : {
                              "@collapsed" : false,
                              "@name" : "Constant 2D",
                              "@position" : [ 9072, 6968 ],
                              "frequency" : 1,
                              "type" : "constant",
                              "value" : -0.74800002574920654
                           },
                           "multiplier" : 1,
                           "power" : 1
                        }
                     ],
                     "type" : "sum"
                  },
                  "heightmapBlockType" : "AIR",
                  "heightmapMaxY" : {
                     "enabled" : false,
                     "value" : 256
                  },
                  "heightmapMinY" : {
                     "enabled" : false,
                     "value" : 0
                  },
                  "parts" : [],
                  "seed" : 0,
                  "seed-combine" : true,
                  "seed-hash" : "",
                  "shrink" : null,
                  "strata" : {
                     "@collapsed" : false,
                     "@name" : "Join Strata",
                     "@position" : [ 8765, 8517 ],
                     "components" : [
                        {
                           "fun" : {
                              "@collapsed" : true,
                              "@name" : "Fill1",
                              "@position" : [ 9066, 8494 ],
                              "links" : [],
                              "reference" : "strata/fill1.json",
                              "seed" : 0,
                              "seed-combine" : true,
                              "seed-hash" : "",
                              "tick" : 0,
                              "type" : "reference"
                           },
                           "w" : 0.5
                        },
                        {
                           "fun" : {
                              "@collapsed" : false,
                              "@name" : "Fill2",
                              "@position" : [ 9066, 8538 ],
                              "links" : [],
                              "reference" : "strata/fill2.json",
                              "seed" : 0,
                              "seed-combine" : true,
                              "seed-hash" : "",
                              "tick" : 0,
                              "type" : "reference"
                           },
                           "w" : 0.5
                        },
                        {
                           "fun" : {
                              "@collapsed" : false,
                              "@name" : "Fill3",
                              "@position" : [ 9066, 8621 ],
                              "links" : [],
                              "reference" : "strata/fill3.json",
                              "seed" : 0,
                              "seed-combine" : true,
                              "seed-hash" : "",
                              "tick" : 0,
                              "type" : "reference"
                           },
                           "w" : 0.5
                        },
                        {
                           "fun" : {
                              "@collapsed" : false,
                              "@name" : "Fill4",
                              "@position" : [ 9066, 8704 ],
                              "links" : [],
                              "reference" : "strata/fill4.json",
                              "seed" : 0,
                              "seed-combine" : true,
                              "seed-hash" : "",
                              "tick" : 0,
                              "type" : "reference"
                           },
                           "w" : 0.5
                        },
                        {
                           "fun" : {
                              "@collapsed" : false,
                              "@name" : "Fill5",
                              "@position" : [ 9066, 8787 ],
                              "links" : [],
                              "reference" : "strata/fill5.json",
                              "seed" : 0,
                              "seed-combine" : true,
                              "seed-hash" : "",
                              "tick" : 0,
                              "type" : "reference"
                           },
                           "w" : 0.5
                        }
                     ],
                     "count" : 5,
                     "seed" : 0,
                     "seed-combine" : true,
                     "seed-hash" : "",
                     "type" : "join"
                  },
                  "surface_decorations" : null,
                  "surface_substrate" : {
                     "@collapsed" : false,
                     "@name" : "lake_bed",
                     "@position" : [ 8765, 8852 ],
                     "links" : [
                        {
                           "linkPath" : [
                              {
                                 "index" : -1,
                                 "name" : "substrate"
                              },
                              {
                                 "index" : -1,
                                 "name" : "fun"
                              },
                              {
                                 "index" : -1,
                                 "name" : "strates"
                              },
                              {
                                 "index" : 0,
                                 "name" : ""
                              },
                              {
                                 "index" : -1,
                                 "name" : "depthNoise"
                              },
                              {
                                 "index" : -1,
                                 "name" : "terms"
                              },
                              {
                                 "index" : 2,
                                 "name" : ""
                              },
                              {
                                 "index" : -1,
                                 "name" : "terms"
                              },
                              {
                                 "index" : 0,
                                 "name" : ""
                              },
                              {
                                 "index" : -1,
                                 "name" : "fun"
                              }
                           ],
                           "linkType" : "LT:NOISE_2D",
                           "nodeValue" : null
                        },
                        {
                           "linkPath" : [
                              {
                                 "index" : -1,
                                 "name" : "substrate"
                              },
                              {
                                 "index" : -1,
                                 "name" : "fun"
                              },
                              {
                                 "index" : -1,
                                 "name" : "strates"
                              },
                              {
                                 "index" : 2,
                                 "name" : ""
                              },
                              {
                                 "index" : -1,
                                 "name" : "depthNoise"
                              },
                              {
                                 "index" : -1,
                                 "name" : "terms"
                              },
                              {
                                 "index" : 1,
                                 "name" : ""
                              },
                              {
                                 "index" : -1,
                                 "name" : "terms"
                              },
                              {
                                 "index" : 0,
                                 "name" : ""
                              },
                              {
                                 "index" : -1,
                                 "name" : "fun"
                              }
                           ],
                           "linkType" : "LT:NOISE_2D",
                           "nodeValue" : null
                        },
                        {
                           "linkPath" : [
                              {
                                 "index" : -1,
                                 "name" : "substrate"
                              },
                              {
                                 "index" : -1,
                                 "name" : "fun"
                              },
                              {
                                 "index" : -1,
                                 "name" : "strates"
                              },
                              {
                                 "index" : 1,
                                 "name" : ""
                              },
                              {
                                 "index" : -1,
                                 "name" : "depthNoise"
                              },
                              {
                                 "index" : -1,
                                 "name" : "terms"
                              },
                              {
                                 "index" : 2,
                                 "name" : ""
                              },
                              {
                                 "index" : -1,
                                 "name" : "terms"
                              },
                              {
                                 "index" : 0,
                                 "name" : ""
                              },
                              {
                                 "index" : -1,
                                 "name" : "fun"
                              }
                           ],
                           "linkType" : "LT:NOISE_2D",
                           "nodeValue" : null
                        },
                        {
                           "linkPath" : [
                              {
                                 "index" : -1,
                                 "name" : "substrate"
                              },
                              {
                                 "index" : -1,
                                 "name" : "fun"
                              },
                              {
                                 "index" : -1,
                                 "name" : "strates"
                              },
                              {
                                 "index" : 3,
                                 "name" : ""
                              },
                              {
                                 "index" : -1,
                                 "name" : "depthNoise"
                              },
                              {
                                 "index" : -1,
                                 "name" : "terms"
                              },
                              {
                                 "index" : 1,
                                 "name" : ""
                              },
                              {
                                 "index" : -1,
                                 "name" : "terms"
                              },
                              {
                                 "index" : 0,
                                 "name" : ""
                              },
                              {
                                 "index" : -1,
                                 "name" : "fun"
                              }
                           ],
                           "linkType" : "LT:NOISE_2D",
                           "nodeValue" : null
                        }
                     ],
                     "reference" : "substrate/lake_bed.json",
                     "seed" : 0,
                     "seed-combine" : true,
                     "seed-hash" : "",
                     "tick" : 0,
                     "type" : "reference"
                  },
                  "threeD" : {
                     "@collapsed" : false,
                     "@name" : "Layered 3D",
                     "@position" : [ 8760, 7240 ],
                     "components" : [
                        {
                           "fun" : {
                              "@collapsed" : false,
                              "@name" : "Constant 3D",
                              "@position" : [ 9106, 7111 ],
                              "frequency" : [ 1, 1 ],
                              "type" : "constant",
                              "value" : 0.87200003862380981
                           },
                           "noiseMaxY" : 128,
                           "y" : 0,
                           "yfun" : null
                        },
                        {
                           "fun" : {
                              "@collapsed" : false,
                              "@name" : "Sum 3D",
                              "@position" : [ 9131, 7272 ],
                              "frequency" : [ 1, 1 ],
                              "seed" : 0,
                              "seed-combine" : true,
                              "seed-hash" : "",
                              "terms" : [
                                 {
                                    "fun" : {
                                       "@collapsed" : false,
                                       "@name" : "Cell Distance 3D",
                                       "@position" : [ 9450, 7275 ],
                                       "cells" : {
                                          "@collapsed" : false,
                                          "@name" : "Voronoi 3D",
                                          "@position" : [ 9768, 7273 ],
                                          "frequency" : [ 0.25200000405311584, 0.23000000417232513 ],
                                          "seed" : 6394364618591556060,
                                          "seed-combine" : true,
                                          "seed-hash" : "wOw4Py6vWItrUymS",
                                          "type" : "voronoi"
                                       },
                                       "frequency" : [ 1, 1 ],
                                       "seed" : 0,
                                       "seed-combine" : true,
                                       "seed-hash" : "",
                                       "type" : "cell_distance"
                                    },
                                    "multiplier" : -1,
                                    "power" : 1
                                 },
                                 {
                                    "fun" : {
                                       "@collapsed" : false,
                                       "@name" : "Constant 3D",
                                       "@position" : [ 9434, 7461 ],
                                       "frequency" : [ 1, 1 ],
                                       "type" : "constant",
                                       "value" : -0.11000000685453415
                                    },
                                    "multiplier" : 1,
                                    "power" : 1
                                 }
                              ],
                              "type" : "sum"
                           },
                           "noiseMaxY" : 128,
                           "y" : 54.947002410888672,
                           "yfun" : null
                        },
                        {
                           "fun" : {
                              "@collapsed" : false,
                              "@name" : "Constant 3D",
                              "@position" : [ 9088, 7631 ],
                              "frequency" : [ 1, 1 ],
                              "type" : "constant",
                              "value" : 0
                           },
                           "noiseMaxY" : 128,
                           "y" : 68.694999694824219,
                           "yfun" : null
                        }
                     ],
                     "frequency" : [
                        {
                           "max" : 2,
                           "min" : 0.40000000596046448
                        },
                        {
                           "max" : 2,
                           "min" : 0.40000000596046448
                        }
                     ],
                     "seed" : 0,
                     "seed-combine" : true,
                     "seed-hash" : "",
                     "type" : "layered"
                  },
                  "threeDMaxY" : {
                     "enabled" : false,
                     "value" : 256
                  },
                  "threeDMinY" : {
                     "enabled" : false,
                     "value" : 0
                  },
                  "threeDSurfaceMaxY" : {
                     "enabled" : false,
                     "value" : 256
                  },
                  "threeDSurfaceMinY" : {
                     "enabled" : false,
                     "value" : 0
                  },
                  "threeDThresholdBias" : {
                     "enabled" : true,
                     "value" : 0
                  },
                  "threed_decorations" : {
                     "@collapsed" : false,
                     "@name" : "Standard Decorations",
                     "@position" : [ 8760, 9192 ],
                     "@toggle-ceiling" : false,
                     "@toggle-floor" : true,
                     "ceiling" : [],
                     "floor" : [
                        {
                           "clearance" : 8,
                           "constraintType" : [ "ICE_DEFAULT_BASE" ],
                           "density" : 1,
                           "depth" : 8,
                           "instance" : {
                              "@collapsed" : false,
                              "@name" : "iceberg",
                              "@position" : [ 9137, 9289 ],
                              "links" : [],
                              "reference" : "instances/ocean/iceberg.json",
                              "seed" : 0,
                              "seed-combine" : true,
                              "seed-hash" : "",
                              "tick" : 0,
                              "type" : "reference"
                           },
                           "maxGradient" : 5,
                           "maxSize" : 1,
                           "maxY" : 256,
                           "minGradient" : 0,
                           "minSize" : 0.75999999046325684,
                           "minY" : 0,
                           "noise" : {
                              "@collapsed" : false,
                              "@name" : "Constant 2D",
                              "@position" : [ 9106, 9522 ],
                              "frequency" : 1,
                              "type" : "constant",
                              "value" : -1
                           },
                           "placementType" : "ICE_DEFAULT_BASE",
                           "sizeNoise" : {
                              "@collapsed" : false,
                              "@name" : "Perlin 2D",
                              "@position" : [ 9122, 9380 ],
                              "frequency" : 2,
                              "seed" : 14319976468494879887,
                              "seed-combine" : true,
                              "seed-hash" : "EpD6PmSwXoIDnOQ3",
                              "type" : "perlin"
                           },
                           "smooth" : false,
                           "threshold" : 0
                        }
                     ],
                     "seed" : 0,
                     "seed-combine" : true,
                     "seed-hash" : "",
                     "type" : "standard"
                  },
                  "threed_substrate" : {
                     "@collapsed" : false,
                     "@name" : "Standard Substrate",
                     "@position" : [ 8770, 9028 ],
                     "@toggle-ceils" : false,
                     "@toggle-strates" : false,
                     "ceils" : [],
                     "seed" : 0,
                     "seed-combine" : true,
                     "seed-hash" : "",
                     "strates" : [
                        {
                           "averageDepth" : 32,
                           "blockType" : "ICE_DEFAULT_BASE",
                           "depthNoise" : {
                              "@collapsed" : false,
                              "@name" : "Constant 2D",
                              "@position" : [ 9102, 9048 ],
                              "frequency" : 1,
                              "type" : "constant",
                              "value" : 1
                           },
                           "depthNoiseScale" : 16,
                           "maxGradient" : 5,
                           "maxY" : 256,
                           "metadata" : {
                              "@toggle-metadata" : true,
                              "maxGradient" : 5,
                              "maxThreshold" : 1,
                              "maxY" : 256,
                              "minGradient" : 0,
                              "minThreshold" : -1,
                              "minY" : 0,
                              "noise" : null
                           },
                           "minGradient" : 0,
                           "minY" : 0
                        }
                     ],
                     "type" : "standard"
                  },
                  "type" : "standard",
                  "x" : null,
                  "y" : null
               },
               "seed" : 0,
               "seed-combine" : false,
               "seed-hash" : "",
               "temperature" : {
                  "enabled" : true,
                  "value" : 0.095000006258487701
               },
               "type" : "standard",
               "vegetation" : {
                  "enabled" : true,
                  "value" : 0.088000006973743439
               },
               "weight" : 0.5
            },
            "links" : [
               {
                  "blockConstraint" : 1779159312,
                  "blockDefault" : "",
                  "checkDefault" : true,
                  "linkPath" : [
                     {
                        "index" : -1,
                        "name" : "biome"
                     },
                     {
                        "index" : -1,
                        "name" : "fun"
                     },
                     {
                        "index" : -1,
                        "name" : "weight"
                     }
                  ],
                  "linkType" : "LT:CUSTOM_SLIDER",
                  "name" : "Biome Weight",
                  "shortPath" : "icebergs.weight",
                  "sliderCheck" : false,
                  "sliderDefault" : 0.70000004768371582,
                  "sliderMax" : 1,
                  "sliderMin" : 0,
                  "sliderStep" : 0.0010000000474974513
               }
            ]
         },
         "generator" : {
            "@version" : 6,
            "biomeSize" : 24,
            "lowerSea" : {
               "level" : 16,
               "liquidType" : "LAVA"
            },
            "sea" : {
               "level" : 64,
               "liquidType" : "WATER"
            }
         },
         "seed" : "I has a seed!",
         "sharedConfig" : {
            "blockColors" : {
               "ASH_DEFAULT_BASE" : 1,
               "CRYSTAL_GLEAM_BASE" : 13,
               "FLORA_FLOWER_1" : 1,
               "FLORA_FLOWER_2" : 1,
               "FLORA_FLOWER_3" : 1,
               "FLORA_FLOWER_4" : 1,
               "GRASS_BARBED_BASE" : 8,
               "GRASS_GNARLED_BASE" : 7,
               "GRASS_VERDANT_BASE" : 9,
               "GRAVEL_DEFAULT_BASE" : 16,
               "GROWTH_DEFAULT_BASE" : 1,
               "ICE_DEFAULT_BASE" : 1,
               "ICE_GLACIER_BASE" : 1,
               "MOULD_DEFAULT_BASE" : 1,
               "MUD_DEFAULT_BASE" : 1,
               "ROCK_IGNEOUS_BASE" : 4,
               "ROCK_METAMORPHIC_BASE" : 5,
               "ROCK_SEDIMENTARY_BASE" : 6,
               "SAND_DEFAULT_BASE" : 16,
               "SOIL_CLAY_BASE" : 1,
               "SOIL_PEATY_BASE" : 3,
               "SOIL_SILTY_BASE" : 2,
               "SPONGE_DEFAULT_BASE" : 1,
               "TANGLE_DEFAULT_BASE" : 1,
               "THORNS_DEFAULT_BASE" : 1,
               "WOOD_ANCIENT_TRUNK" : 10,
               "WOOD_EXOTIC_LEAVES" : 15,
               "WOOD_LUSH_LEAVES" : 13,
               "WOOD_LUSTROUS_TRUNK" : 1,
               "WOOD_TWISTED_TRUNK" : 11,
               "WOOD_WAXY_LEAVES" : 14
            },
            "worldSize" : 288
         },
         "test" : {
            "@collapsed" : false,
            "@name" : "Reference Biome",
            "@position" : [ 8005, 9180 ],
            "seed" : 0,
            "seed-combine" : true,
            "seed-hash" : "",
            "type" : "reference"
         }
      },
      "links" : [],
      "reference" : "",
      "seed" : 0,
      "seed-combine" : true,
      "seed-hash" : "",
      "tick" : 0,
      "type" : "reference"
   }
}
