{
   "@collapsed" : false,
   "@configType" : "BIOME",
   "@name" : "ocean",
   "@position" : [ 7635, 8144 ],
   "@scroll" : [ 8508.158203125, 8576.1787109375, -0.5 ],
   "@toggle-test" : false,
   "@toggle-world" : true,
   "@unlinked" : [],
   "@version" : 17,
   "biome" : {
      "fun" : {
         "@collapsed" : false,
         "@name" : "ocean",
         "@position" : [ 8051, 8438 ],
         "altitude" : {
            "enabled" : true,
            "value" : 0.055000003427267075
         },
         "humidity" : {
            "enabled" : true,
            "value" : 0.84600001573562622
         },
         "labels" : [
            {
               "label" : "tier_4"
            },
            {
               "label" : "sea"
            },
            {
               "label" : "cool"
            },
            {
               "label" : "liquid"
            }
         ],
         "nameStyle" : "Mare",
         "part" : {
            "@collapsed" : false,
            "@name" : "ocean",
            "@position" : [ 8463, 8129 ],
            "@selector-open" : false,
            "@toggle-caves" : true,
            "@toggle-ccaves" : true,
            "@toggle-csurface" : true,
            "@toggle-cthreed" : true,
            "@toggle-data" : true,
            "@toggle-drop" : false,
            "@toggle-heightmap" : true,
            "@toggle-selector" : false,
            "@toggle-stage" : true,
            "@toggle-threed" : false,
            "@toggle-visualise" : true,
            "@x-name" : "x",
            "@y-name" : "y",
            "caveSurfaceShrink" : {
               "enabled" : true,
               "value" : 1
            },
            "caveThresholdBias" : {
               "enabled" : true,
               "value" : -1
            },
            "caves" : {
               "@collapsed" : false,
               "@name" : "Layered 3D",
               "@position" : [ 8851, 7750 ],
               "components" : [
                  {
                     "fun" : {
                        "@collapsed" : false,
                        "@name" : "tier_4_caves",
                        "@position" : [ 9181, 7629 ],
                        "frequency" : [ 1, 1 ],
                        "links" : [],
                        "reference" : "noise3d/caves/release/tier_4_caves.json",
                        "seed" : 10241904780022452932,
                        "seed-combine" : true,
                        "seed-hash" : "zlvopHnuLg1ZMAdR",
                        "tick" : 0,
                        "type" : "reference"
                     },
                     "noiseMaxY" : 256,
                     "y" : 0,
                     "yfun" : {
                        "@collapsed" : false,
                        "@name" : "Sum 2D",
                        "@position" : [ 9187, 7779 ],
                        "frequency" : 1,
                        "seed" : 0,
                        "seed-combine" : true,
                        "seed-hash" : "",
                        "terms" : [
                           {
                              "fun" : {
                                 "@collapsed" : false,
                                 "@name" : "Sum 2D",
                                 "@position" : [ 9506, 7664 ],
                                 "frequency" : 1,
                                 "seed" : 0,
                                 "seed-combine" : true,
                                 "seed-hash" : "",
                                 "terms" : [
                                    {
                                       "fun" : {
                                          "@collapsed" : false,
                                          "@name" : "Sea Base",
                                          "@position" : [ 9797, 7688 ],
                                          "frequency" : 1,
                                          "links" : [],
                                          "reference" : "noise2d/heightmaps/seabase.json",
                                          "seed" : 5003575536529622373,
                                          "seed-combine" : true,
                                          "seed-hash" : "WVH6qhneuJ0F3MEl",
                                          "tick" : 0,
                                          "type" : "reference"
                                       },
                                       "multiplier" : 1,
                                       "power" : 1
                                    },
                                    {
                                       "fun" : {
                                          "@collapsed" : false,
                                          "@name" : "Constant 2D",
                                          "@position" : [ 9797, 7794 ],
                                          "frequency" : 1,
                                          "type" : "constant",
                                          "value" : -0.33600002527236938
                                       },
                                       "multiplier" : 1,
                                       "power" : 1
                                    }
                                 ],
                                 "type" : "sum"
                              },
                              "multiplier" : 1,
                              "power" : 1
                           },
                           {
                              "fun" : {
                                 "@collapsed" : false,
                                 "@name" : "Constant 2D",
                                 "@position" : [ 9516, 7979 ],
                                 "frequency" : 1,
                                 "type" : "constant",
                                 "value" : -0.20000000298023224
                              },
                              "multiplier" : 1,
                              "power" : 1
                           }
                        ],
                        "type" : "sum"
                     }
                  },
                  {
                     "fun" : {
                        "@collapsed" : false,
                        "@name" : "Constant 3D",
                        "@position" : [ 9183, 8102 ],
                        "frequency" : [ 1, 1 ],
                        "type" : "constant",
                        "value" : -1
                     },
                     "noiseMaxY" : 0,
                     "y" : 256,
                     "yfun" : null
                  }
               ],
               "frequency" : [ 1, 1 ],
               "seed" : 0,
               "seed-combine" : true,
               "seed-hash" : "",
               "type" : "layered"
            },
            "caves_decorations" : null,
            "caves_substrate" : {
               "@collapsed" : false,
               "@name" : "tier_2_caves",
               "@position" : [ 8892, 8944 ],
               "links" : [],
               "reference" : "substrate/caves/tier_2_caves.json",
               "seed" : 15408175334311480782,
               "seed-combine" : true,
               "seed-hash" : "pmkJTYGjQmGVz8B8",
               "tick" : 0,
               "type" : "reference"
            },
            "distortion" : null,
            "distortionStrength" : {
               "enabled" : false,
               "value" : 0
            },
            "drop" : null,
            "dropMaxDepth" : {
               "enabled" : false,
               "value" : 14
            },
            "dropMaxGradient" : {
               "enabled" : false,
               "value" : 2.3499999046325684
            },
            "dropMaxNoGravel" : {
               "enabled" : false,
               "value" : 6
            },
            "heightmap" : {
               "@collapsed" : false,
               "@name" : "Sum 2D",
               "@position" : [ 8868, 7304 ],
               "frequency" : 1,
               "seed" : 0,
               "seed-combine" : true,
               "seed-hash" : "",
               "terms" : [
                  {
                     "fun" : {
                        "@collapsed" : false,
                        "@name" : "Sea Base",
                        "@position" : [ 9159, 7328 ],
                        "frequency" : 1,
                        "links" : [],
                        "reference" : "noise2d/heightmaps/seabase.json",
                        "seed" : 5003575536529622373,
                        "seed-combine" : true,
                        "seed-hash" : "WVH6qhneuJ0F3MEl",
                        "tick" : 0,
                        "type" : "reference"
                     },
                     "multiplier" : 1,
                     "power" : 1
                  },
                  {
                     "fun" : {
                        "@collapsed" : false,
                        "@name" : "Constant 2D",
                        "@position" : [ 9159, 7434 ],
                        "frequency" : 1,
                        "type" : "constant",
                        "value" : -0.33600002527236938
                     },
                     "multiplier" : 1,
                     "power" : 1
                  }
               ],
               "type" : "sum"
            },
            "heightmapBlockType" : "ROCK_SEDIMENTARY_BASE",
            "heightmapMaxY" : {
               "enabled" : false,
               "value" : 256
            },
            "heightmapMinY" : {
               "enabled" : false,
               "value" : 0
            },
            "parts" : [],
            "seed" : 0,
            "seed-combine" : true,
            "seed-hash" : "",
            "shrink" : null,
            "strata" : {
               "@collapsed" : false,
               "@name" : "Join Strata",
               "@position" : [ 8877, 8287 ],
               "components" : [
                  {
                     "fun" : {
                        "@collapsed" : false,
                        "@name" : "Fill1",
                        "@position" : [ 9181, 8244 ],
                        "links" : [],
                        "reference" : "strata/fill1.json",
                        "seed" : 0,
                        "seed-combine" : true,
                        "seed-hash" : "",
                        "tick" : 0,
                        "type" : "reference"
                     },
                     "w" : 0.5
                  },
                  {
                     "fun" : {
                        "@collapsed" : false,
                        "@name" : "Fill2",
                        "@position" : [ 9181, 8327 ],
                        "links" : [],
                        "reference" : "strata/fill2.json",
                        "seed" : 0,
                        "seed-combine" : true,
                        "seed-hash" : "",
                        "tick" : 0,
                        "type" : "reference"
                     },
                     "w" : 0.5
                  },
                  {
                     "fun" : {
                        "@collapsed" : false,
                        "@name" : "Fill3",
                        "@position" : [ 9181, 8410 ],
                        "links" : [],
                        "reference" : "strata/fill3.json",
                        "seed" : 0,
                        "seed-combine" : true,
                        "seed-hash" : "",
                        "tick" : 0,
                        "type" : "reference"
                     },
                     "w" : 0.5
                  },
                  {
                     "fun" : {
                        "@collapsed" : false,
                        "@name" : "Fill4",
                        "@position" : [ 9181, 8493 ],
                        "links" : [],
                        "reference" : "strata/fill4.json",
                        "seed" : 0,
                        "seed-combine" : true,
                        "seed-hash" : "",
                        "tick" : 0,
                        "type" : "reference"
                     },
                     "w" : 0.5
                  },
                  {
                     "fun" : {
                        "@collapsed" : false,
                        "@name" : "Fill5",
                        "@position" : [ 9181, 8576 ],
                        "links" : [],
                        "reference" : "strata/fill5.json",
                        "seed" : 0,
                        "seed-combine" : true,
                        "seed-hash" : "",
                        "tick" : 0,
                        "type" : "reference"
                     },
                     "w" : 0.5
                  }
               ],
               "count" : 5,
               "seed" : 0,
               "seed-combine" : true,
               "seed-hash" : "",
               "type" : "join"
            },
            "surface_decorations" : {
               "@collapsed" : false,
               "@name" : "Standard Decorations",
               "@position" : [ 8888, 8824 ],
               "@toggle-ceiling" : false,
               "@toggle-floor" : true,
               "ceiling" : [],
               "floor" : [
                  {
                     "clearance" : 8,
                     "constraintType" : [ "ROCK_IGNEOUS_BASE" ],
                     "density" : -0.85999995470046997,
                     "depth" : 8,
                     "instance" : {
                        "@collapsed" : false,
                        "@name" : "Bush (deprecated)",
                        "@position" : [ 9214, 8834 ],
                        "blockType" : "ROCK_SEDIMENTARY_BASE",
                        "height" : 3.75,
                        "maxScale" : 1,
                        "minScale" : 1,
                        "radius" : 4,
                        "stemType" : "ROCK_SEDIMENTARY_BASE",
                        "taper" : 0.59999996423721313,
                        "type" : "bush"
                     },
                     "maxGradient" : 5,
                     "maxSize" : 1,
                     "maxY" : 256,
                     "minGradient" : 0,
                     "minSize" : 0,
                     "minY" : 0,
                     "noise" : {
                        "@collapsed" : false,
                        "@name" : "Constant 2D",
                        "@position" : [ 9210, 9142 ],
                        "frequency" : 1,
                        "type" : "constant",
                        "value" : -1
                     },
                     "placementType" : "FLORA_FLOWER_1",
                     "sizeNoise" : {
                        "@collapsed" : false,
                        "@name" : "Perlin 2D",
                        "@position" : [ 9220, 9039 ],
                        "frequency" : 2,
                        "seed" : 4178278312055962645,
                        "seed-combine" : true,
                        "seed-hash" : "4tsCmuiTW4Lh4MMJ",
                        "type" : "perlin"
                     },
                     "smooth" : false,
                     "threshold" : 0
                  },
                  {
                     "clearance" : 8,
                     "constraintType" : [ "ROCK_IGNEOUS_BASE", "SAND_DEFAULT_BASE" ],
                     "density" : -0.8399999737739563,
                     "depth" : 8,
                     "instance" : {
                        "@collapsed" : false,
                        "@name" : "Bush (deprecated)",
                        "@position" : [ 9210, 9271 ],
                        "blockType" : "ROCK_SEDIMENTARY_BASE",
                        "height" : 6,
                        "maxScale" : 2,
                        "minScale" : 0.5,
                        "radius" : 1.75,
                        "stemType" : "ROCK_SEDIMENTARY_BASE",
                        "taper" : 2,
                        "type" : "bush"
                     },
                     "maxGradient" : 5,
                     "maxSize" : 1,
                     "maxY" : 256,
                     "minGradient" : 0,
                     "minSize" : 0,
                     "minY" : 0,
                     "noise" : {
                        "@collapsed" : false,
                        "@name" : "Constant 2D",
                        "@position" : [ 9201, 9648 ],
                        "frequency" : 1,
                        "type" : "constant",
                        "value" : -1
                     },
                     "placementType" : "FLORA_FLOWER_1",
                     "sizeNoise" : {
                        "@collapsed" : false,
                        "@name" : "Perlin 2D",
                        "@position" : [ 9216, 9477 ],
                        "frequency" : 2,
                        "seed" : 4178278312055962645,
                        "seed-combine" : true,
                        "seed-hash" : "4tsCmuiTW4Lh4MMJ",
                        "type" : "perlin"
                     },
                     "smooth" : false,
                     "threshold" : 0
                  }
               ],
               "seed" : 0,
               "seed-combine" : true,
               "seed-hash" : "",
               "type" : "standard"
            },
            "surface_substrate" : {
               "@collapsed" : false,
               "@name" : "sea_bed",
               "@position" : [ 8884, 8657 ],
               "links" : [
                  {
                     "linkPath" : [
                        {
                           "index" : -1,
                           "name" : "substrate"
                        },
                        {
                           "index" : -1,
                           "name" : "fun"
                        },
                        {
                           "index" : -1,
                           "name" : "strates"
                        },
                        {
                           "index" : 0,
                           "name" : ""
                        },
                        {
                           "index" : -1,
                           "name" : "depthNoise"
                        },
                        {
                           "index" : -1,
                           "name" : "terms"
                        },
                        {
                           "index" : 2,
                           "name" : ""
                        },
                        {
                           "index" : -1,
                           "name" : "terms"
                        },
                        {
                           "index" : 0,
                           "name" : ""
                        },
                        {
                           "index" : -1,
                           "name" : "fun"
                        }
                     ],
                     "linkType" : "LT:NOISE_2D",
                     "nodeValue" : null
                  },
                  {
                     "linkPath" : [
                        {
                           "index" : -1,
                           "name" : "substrate"
                        },
                        {
                           "index" : -1,
                           "name" : "fun"
                        },
                        {
                           "index" : -1,
                           "name" : "strates"
                        },
                        {
                           "index" : 2,
                           "name" : ""
                        },
                        {
                           "index" : -1,
                           "name" : "depthNoise"
                        },
                        {
                           "index" : -1,
                           "name" : "terms"
                        },
                        {
                           "index" : 1,
                           "name" : ""
                        },
                        {
                           "index" : -1,
                           "name" : "terms"
                        },
                        {
                           "index" : 0,
                           "name" : ""
                        },
                        {
                           "index" : -1,
                           "name" : "fun"
                        }
                     ],
                     "linkType" : "LT:NOISE_2D",
                     "nodeValue" : null
                  },
                  {
                     "linkPath" : [
                        {
                           "index" : -1,
                           "name" : "substrate"
                        },
                        {
                           "index" : -1,
                           "name" : "fun"
                        },
                        {
                           "index" : -1,
                           "name" : "strates"
                        },
                        {
                           "index" : 1,
                           "name" : ""
                        },
                        {
                           "index" : -1,
                           "name" : "depthNoise"
                        },
                        {
                           "index" : -1,
                           "name" : "terms"
                        },
                        {
                           "index" : 2,
                           "name" : ""
                        },
                        {
                           "index" : -1,
                           "name" : "terms"
                        },
                        {
                           "index" : 0,
                           "name" : ""
                        },
                        {
                           "index" : -1,
                           "name" : "fun"
                        }
                     ],
                     "linkType" : "LT:NOISE_2D",
                     "nodeValue" : null
                  },
                  {
                     "linkPath" : [
                        {
                           "index" : -1,
                           "name" : "substrate"
                        },
                        {
                           "index" : -1,
                           "name" : "fun"
                        },
                        {
                           "index" : -1,
                           "name" : "strates"
                        },
                        {
                           "index" : 3,
                           "name" : ""
                        },
                        {
                           "index" : -1,
                           "name" : "depthNoise"
                        },
                        {
                           "index" : -1,
                           "name" : "terms"
                        },
                        {
                           "index" : 1,
                           "name" : ""
                        },
                        {
                           "index" : -1,
                           "name" : "terms"
                        },
                        {
                           "index" : 0,
                           "name" : ""
                        },
                        {
                           "index" : -1,
                           "name" : "fun"
                        }
                     ],
                     "linkType" : "LT:NOISE_2D",
                     "nodeValue" : null
                  }
               ],
               "reference" : "substrate/sea_bed.json",
               "seed" : 0,
               "seed-combine" : true,
               "seed-hash" : "",
               "tick" : 0,
               "type" : "reference"
            },
            "threeD" : null,
            "threeDMaxY" : {
               "enabled" : false,
               "value" : 256
            },
            "threeDMinY" : {
               "enabled" : false,
               "value" : 0
            },
            "threeDSurfaceMaxY" : {
               "enabled" : false,
               "value" : 256
            },
            "threeDSurfaceMinY" : {
               "enabled" : false,
               "value" : 0
            },
            "threeDThresholdBias" : {
               "enabled" : false,
               "value" : -1
            },
            "threed_decorations" : null,
            "threed_substrate" : null,
            "type" : "standard",
            "x" : null,
            "y" : null
         },
         "seed" : 0,
         "seed-combine" : false,
         "seed-hash" : "",
         "temperature" : {
            "enabled" : true,
            "value" : 0.42000001668930054
         },
         "type" : "standard",
         "vegetation" : {
            "enabled" : true,
            "value" : 0.22400000691413879
         },
         "weight" : 0.5
      },
      "links" : [
         {
            "blockConstraint" : 510896048,
            "blockDefault" : "",
            "checkDefault" : true,
            "linkPath" : [
               {
                  "index" : -1,
                  "name" : "biome"
               },
               {
                  "index" : -1,
                  "name" : "fun"
               },
               {
                  "index" : -1,
                  "name" : "weight"
               }
            ],
            "linkType" : "LT:CUSTOM_SLIDER",
            "name" : "Biome Weight",
            "shortPath" : "ocean.weight",
            "sliderCheck" : false,
            "sliderDefault" : 0.70000004768371582,
            "sliderMax" : 1,
            "sliderMin" : 0,
            "sliderStep" : 0.0010000000474974513
         }
      ]
   },
   "generator" : {
      "@version" : 6,
      "biomeSize" : 24,
      "lowerSea" : {
         "level" : 16,
         "liquidType" : "WATER"
      },
      "sea" : {
         "level" : 64,
         "liquidType" : "WATER"
      }
   },
   "seed" : "I has a seed!",
   "seed-hash" : "",
   "sharedConfig" : {
      "blockColors" : {
         "ASH_DEFAULT_BASE" : 1,
         "CRYSTAL_GLEAM_BASE" : 13,
         "FLORA_FLOWER_1" : 1,
         "FLORA_FLOWER_2" : 1,
         "FLORA_FLOWER_3" : 1,
         "FLORA_FLOWER_4" : 1,
         "GRASS_BARBED_BASE" : 8,
         "GRASS_GNARLED_BASE" : 7,
         "GRASS_VERDANT_BASE" : 9,
         "GRAVEL_DEFAULT_BASE" : 16,
         "GROWTH_DEFAULT_BASE" : 1,
         "ICE_DEFAULT_BASE" : 1,
         "ICE_GLACIER_BASE" : 1,
         "MOULD_DEFAULT_BASE" : 1,
         "MUD_DEFAULT_BASE" : 1,
         "ROCK_IGNEOUS_BASE" : 4,
         "ROCK_METAMORPHIC_BASE" : 5,
         "ROCK_SEDIMENTARY_BASE" : 6,
         "SAND_DEFAULT_BASE" : 16,
         "SOIL_CLAY_BASE" : 1,
         "SOIL_PEATY_BASE" : 3,
         "SOIL_SILTY_BASE" : 2,
         "SPONGE_DEFAULT_BASE" : 1,
         "TANGLE_DEFAULT_BASE" : 1,
         "THORNS_DEFAULT_BASE" : 1,
         "WOOD_ANCIENT_TRUNK" : 10,
         "WOOD_EXOTIC_LEAVES" : 15,
         "WOOD_LUSH_LEAVES" : 13,
         "WOOD_LUSTROUS_TRUNK" : 1,
         "WOOD_TWISTED_TRUNK" : 11,
         "WOOD_WAXY_LEAVES" : 14
      },
      "seed-hash" : "",
      "worldSize" : 288
   },
   "test" : {
      "@collapsed" : false,
      "@name" : "Reference Biome",
      "@position" : [ 8051, 9558 ],
      "embedded" : {
         "@collapsed" : false,
         "@configType" : "BIOME",
         "@name" : "ocean",
         "@position" : [ 7635, 8144 ],
         "@toggle-test" : false,
         "@toggle-world" : true,
         "@version" : 17,
         "biome" : {
            "fun" : {
               "@collapsed" : false,
               "@name" : "ocean",
               "@position" : [ 8051, 8438 ],
               "altitude" : {
                  "enabled" : true,
                  "value" : 0.055000003427267075
               },
               "humidity" : {
                  "enabled" : true,
                  "value" : 0.84600001573562622
               },
               "labels" : [
                  {
                     "label" : "tier_4"
                  },
                  {
                     "label" : "sea"
                  },
                  {
                     "label" : "cool"
                  },
                  {
                     "label" : "liquid"
                  }
               ],
               "nameStyle" : "Mare",
               "part" : {
                  "@collapsed" : false,
                  "@name" : "ocean",
                  "@position" : [ 8463, 8129 ],
                  "@selector-open" : false,
                  "@toggle-caves" : true,
                  "@toggle-ccaves" : true,
                  "@toggle-csurface" : true,
                  "@toggle-cthreed" : true,
                  "@toggle-data" : true,
                  "@toggle-drop" : false,
                  "@toggle-heightmap" : true,
                  "@toggle-selector" : false,
                  "@toggle-stage" : true,
                  "@toggle-threed" : false,
                  "@toggle-visualise" : true,
                  "@x-name" : "x",
                  "@y-name" : "y",
                  "caveSurfaceShrink" : {
                     "enabled" : true,
                     "value" : 1
                  },
                  "caveThresholdBias" : {
                     "enabled" : true,
                     "value" : -1
                  },
                  "caves" : {
                     "@collapsed" : false,
                     "@name" : "Layered 3D",
                     "@position" : [ 8851, 7750 ],
                     "components" : [
                        {
                           "fun" : {
                              "@collapsed" : false,
                              "@name" : "tier_4_caves",
                              "@position" : [ 9181, 7629 ],
                              "frequency" : [ 1, 1 ],
                              "links" : [],
                              "reference" : "noise3d/caves/release/tier_4_caves.json",
                              "seed" : 10241904780022452932,
                              "seed-combine" : true,
                              "seed-hash" : "zlvopHnuLg1ZMAdR",
                              "tick" : 0,
                              "type" : "reference"
                           },
                           "noiseMaxY" : 256,
                           "y" : 0,
                           "yfun" : {
                              "@collapsed" : false,
                              "@name" : "Sum 2D",
                              "@position" : [ 9187, 7779 ],
                              "frequency" : 1,
                              "seed" : 0,
                              "seed-combine" : true,
                              "seed-hash" : "",
                              "terms" : [
                                 {
                                    "fun" : {
                                       "@collapsed" : false,
                                       "@name" : "Sum 2D",
                                       "@position" : [ 9506, 7664 ],
                                       "frequency" : 1,
                                       "seed" : 0,
                                       "seed-combine" : true,
                                       "seed-hash" : "",
                                       "terms" : [
                                          {
                                             "fun" : {
                                                "@collapsed" : false,
                                                "@name" : "Sea Base",
                                                "@position" : [ 9797, 7688 ],
                                                "frequency" : 1,
                                                "links" : [],
                                                "reference" : "noise2d/heightmaps/seabase.json",
                                                "seed" : 5003575536529622373,
                                                "seed-combine" : true,
                                                "seed-hash" : "WVH6qhneuJ0F3MEl",
                                                "tick" : 0,
                                                "type" : "reference"
                                             },
                                             "multiplier" : 1,
                                             "power" : 1
                                          },
                                          {
                                             "fun" : {
                                                "@collapsed" : false,
                                                "@name" : "Constant 2D",
                                                "@position" : [ 9797, 7794 ],
                                                "frequency" : 1,
                                                "type" : "constant",
                                                "value" : -0.33600002527236938
                                             },
                                             "multiplier" : 1,
                                             "power" : 1
                                          }
                                       ],
                                       "type" : "sum"
                                    },
                                    "multiplier" : 1,
                                    "power" : 1
                                 },
                                 {
                                    "fun" : {
                                       "@collapsed" : false,
                                       "@name" : "Constant 2D",
                                       "@position" : [ 9516, 7979 ],
                                       "frequency" : 1,
                                       "type" : "constant",
                                       "value" : -0.20000000298023224
                                    },
                                    "multiplier" : 1,
                                    "power" : 1
                                 }
                              ],
                              "type" : "sum"
                           }
                        },
                        {
                           "fun" : {
                              "@collapsed" : false,
                              "@name" : "Constant 3D",
                              "@position" : [ 9183, 8102 ],
                              "frequency" : [ 1, 1 ],
                              "type" : "constant",
                              "value" : -1
                           },
                           "noiseMaxY" : 0,
                           "y" : 256,
                           "yfun" : null
                        }
                     ],
                     "frequency" : [ 1, 1 ],
                     "seed" : 0,
                     "seed-combine" : true,
                     "seed-hash" : "",
                     "type" : "layered"
                  },
                  "caves_decorations" : null,
                  "caves_substrate" : {
                     "@collapsed" : false,
                     "@name" : "tier_2_caves",
                     "@position" : [ 8892, 8944 ],
                     "links" : [],
                     "reference" : "substrate/caves/tier_2_caves.json",
                     "seed" : 15408175334311480782,
                     "seed-combine" : true,
                     "seed-hash" : "pmkJTYGjQmGVz8B8",
                     "tick" : 0,
                     "type" : "reference"
                  },
                  "distortion" : null,
                  "distortionStrength" : {
                     "enabled" : false,
                     "value" : 0
                  },
                  "drop" : null,
                  "dropMaxDepth" : {
                     "enabled" : false,
                     "value" : 14
                  },
                  "dropMaxGradient" : {
                     "enabled" : false,
                     "value" : 2.3499999046325684
                  },
                  "dropMaxNoGravel" : {
                     "enabled" : false,
                     "value" : 6
                  },
                  "heightmap" : {
                     "@collapsed" : false,
                     "@name" : "Sum 2D",
                     "@position" : [ 8868, 7304 ],
                     "frequency" : 1,
                     "seed" : 0,
                     "seed-combine" : true,
                     "seed-hash" : "",
                     "terms" : [
                        {
                           "fun" : {
                              "@collapsed" : false,
                              "@name" : "Sea Base",
                              "@position" : [ 9159, 7328 ],
                              "frequency" : 1,
                              "links" : [],
                              "reference" : "noise2d/heightmaps/seabase.json",
                              "seed" : 5003575536529622373,
                              "seed-combine" : true,
                              "seed-hash" : "WVH6qhneuJ0F3MEl",
                              "tick" : 0,
                              "type" : "reference"
                           },
                           "multiplier" : 1,
                           "power" : 1
                        },
                        {
                           "fun" : {
                              "@collapsed" : false,
                              "@name" : "Constant 2D",
                              "@position" : [ 9159, 7434 ],
                              "frequency" : 1,
                              "type" : "constant",
                              "value" : -0.33600002527236938
                           },
                           "multiplier" : 1,
                           "power" : 1
                        }
                     ],
                     "type" : "sum"
                  },
                  "heightmapBlockType" : "ROCK_SEDIMENTARY_BASE",
                  "heightmapMaxY" : {
                     "enabled" : false,
                     "value" : 256
                  },
                  "heightmapMinY" : {
                     "enabled" : false,
                     "value" : 0
                  },
                  "parts" : [],
                  "seed" : 0,
                  "seed-combine" : true,
                  "seed-hash" : "",
                  "shrink" : null,
                  "strata" : {
                     "@collapsed" : false,
                     "@name" : "Join Strata",
                     "@position" : [ 8877, 8287 ],
                     "components" : [
                        {
                           "fun" : {
                              "@collapsed" : false,
                              "@name" : "Fill1",
                              "@position" : [ 9181, 8244 ],
                              "links" : [],
                              "reference" : "strata/fill1.json",
                              "seed" : 0,
                              "seed-combine" : true,
                              "seed-hash" : "",
                              "tick" : 0,
                              "type" : "reference"
                           },
                           "w" : 0.5
                        },
                        {
                           "fun" : {
                              "@collapsed" : false,
                              "@name" : "Fill2",
                              "@position" : [ 9181, 8327 ],
                              "links" : [],
                              "reference" : "strata/fill2.json",
                              "seed" : 0,
                              "seed-combine" : true,
                              "seed-hash" : "",
                              "tick" : 0,
                              "type" : "reference"
                           },
                           "w" : 0.5
                        },
                        {
                           "fun" : {
                              "@collapsed" : false,
                              "@name" : "Fill3",
                              "@position" : [ 9181, 8410 ],
                              "links" : [],
                              "reference" : "strata/fill3.json",
                              "seed" : 0,
                              "seed-combine" : true,
                              "seed-hash" : "",
                              "tick" : 0,
                              "type" : "reference"
                           },
                           "w" : 0.5
                        },
                        {
                           "fun" : {
                              "@collapsed" : false,
                              "@name" : "Fill4",
                              "@position" : [ 9181, 8493 ],
                              "links" : [],
                              "reference" : "strata/fill4.json",
                              "seed" : 0,
                              "seed-combine" : true,
                              "seed-hash" : "",
                              "tick" : 0,
                              "type" : "reference"
                           },
                           "w" : 0.5
                        },
                        {
                           "fun" : {
                              "@collapsed" : false,
                              "@name" : "Fill5",
                              "@position" : [ 9181, 8576 ],
                              "links" : [],
                              "reference" : "strata/fill5.json",
                              "seed" : 0,
                              "seed-combine" : true,
                              "seed-hash" : "",
                              "tick" : 0,
                              "type" : "reference"
                           },
                           "w" : 0.5
                        }
                     ],
                     "count" : 5,
                     "seed" : 0,
                     "seed-combine" : true,
                     "seed-hash" : "",
                     "type" : "join"
                  },
                  "surface_decorations" : {
                     "@collapsed" : false,
                     "@name" : "Standard Decorations",
                     "@position" : [ 8888, 8824 ],
                     "@toggle-ceiling" : false,
                     "@toggle-floor" : true,
                     "ceiling" : [],
                     "floor" : [
                        {
                           "clearance" : 8,
                           "constraintType" : [ "ROCK_IGNEOUS_BASE" ],
                           "density" : -0.85999995470046997,
                           "depth" : 8,
                           "instance" : {
                              "@collapsed" : false,
                              "@name" : "Bush (deprecated)",
                              "@position" : [ 9214, 8834 ],
                              "blockType" : "ROCK_SEDIMENTARY_BASE",
                              "height" : 3.75,
                              "maxScale" : 1,
                              "minScale" : 1,
                              "radius" : 4,
                              "stemType" : "ROCK_SEDIMENTARY_BASE",
                              "taper" : 0.59999996423721313,
                              "type" : "bush"
                           },
                           "maxGradient" : 5,
                           "maxSize" : 1,
                           "maxY" : 256,
                           "minGradient" : 0,
                           "minSize" : 0,
                           "minY" : 0,
                           "noise" : {
                              "@collapsed" : false,
                              "@name" : "Constant 2D",
                              "@position" : [ 9210, 9142 ],
                              "frequency" : 1,
                              "type" : "constant",
                              "value" : -1
                           },
                           "placementType" : "FLORA_FLOWER_1",
                           "sizeNoise" : {
                              "@collapsed" : false,
                              "@name" : "Perlin 2D",
                              "@position" : [ 9220, 9039 ],
                              "frequency" : 2,
                              "seed" : 4178278312055962645,
                              "seed-combine" : true,
                              "seed-hash" : "4tsCmuiTW4Lh4MMJ",
                              "type" : "perlin"
                           },
                           "smooth" : false,
                           "threshold" : 0
                        },
                        {
                           "clearance" : 8,
                           "constraintType" : [ "ROCK_IGNEOUS_BASE", "SAND_DEFAULT_BASE" ],
                           "density" : -0.8399999737739563,
                           "depth" : 8,
                           "instance" : {
                              "@collapsed" : false,
                              "@name" : "Bush (deprecated)",
                              "@position" : [ 9210, 9271 ],
                              "blockType" : "ROCK_SEDIMENTARY_BASE",
                              "height" : 6,
                              "maxScale" : 2,
                              "minScale" : 0.5,
                              "radius" : 1.75,
                              "stemType" : "ROCK_SEDIMENTARY_BASE",
                              "taper" : 2,
                              "type" : "bush"
                           },
                           "maxGradient" : 5,
                           "maxSize" : 1,
                           "maxY" : 256,
                           "minGradient" : 0,
                           "minSize" : 0,
                           "minY" : 0,
                           "noise" : {
                              "@collapsed" : false,
                              "@name" : "Constant 2D",
                              "@position" : [ 9201, 9648 ],
                              "frequency" : 1,
                              "type" : "constant",
                              "value" : -1
                           },
                           "placementType" : "FLORA_FLOWER_1",
                           "sizeNoise" : {
                              "@collapsed" : false,
                              "@name" : "Perlin 2D",
                              "@position" : [ 9216, 9477 ],
                              "frequency" : 2,
                              "seed" : 4178278312055962645,
                              "seed-combine" : true,
                              "seed-hash" : "4tsCmuiTW4Lh4MMJ",
                              "type" : "perlin"
                           },
                           "smooth" : false,
                           "threshold" : 0
                        }
                     ],
                     "seed" : 0,
                     "seed-combine" : true,
                     "seed-hash" : "",
                     "type" : "standard"
                  },
                  "surface_substrate" : {
                     "@collapsed" : false,
                     "@name" : "sea_bed",
                     "@position" : [ 8884, 8657 ],
                     "links" : [
                        {
                           "linkPath" : [
                              {
                                 "index" : -1,
                                 "name" : "substrate"
                              },
                              {
                                 "index" : -1,
                                 "name" : "fun"
                              },
                              {
                                 "index" : -1,
                                 "name" : "strates"
                              },
                              {
                                 "index" : 0,
                                 "name" : ""
                              },
                              {
                                 "index" : -1,
                                 "name" : "depthNoise"
                              },
                              {
                                 "index" : -1,
                                 "name" : "terms"
                              },
                              {
                                 "index" : 2,
                                 "name" : ""
                              },
                              {
                                 "index" : -1,
                                 "name" : "terms"
                              },
                              {
                                 "index" : 0,
                                 "name" : ""
                              },
                              {
                                 "index" : -1,
                                 "name" : "fun"
                              }
                           ],
                           "linkType" : "LT:NOISE_2D",
                           "nodeValue" : null
                        },
                        {
                           "linkPath" : [
                              {
                                 "index" : -1,
                                 "name" : "substrate"
                              },
                              {
                                 "index" : -1,
                                 "name" : "fun"
                              },
                              {
                                 "index" : -1,
                                 "name" : "strates"
                              },
                              {
                                 "index" : 2,
                                 "name" : ""
                              },
                              {
                                 "index" : -1,
                                 "name" : "depthNoise"
                              },
                              {
                                 "index" : -1,
                                 "name" : "terms"
                              },
                              {
                                 "index" : 1,
                                 "name" : ""
                              },
                              {
                                 "index" : -1,
                                 "name" : "terms"
                              },
                              {
                                 "index" : 0,
                                 "name" : ""
                              },
                              {
                                 "index" : -1,
                                 "name" : "fun"
                              }
                           ],
                           "linkType" : "LT:NOISE_2D",
                           "nodeValue" : null
                        },
                        {
                           "linkPath" : [
                              {
                                 "index" : -1,
                                 "name" : "substrate"
                              },
                              {
                                 "index" : -1,
                                 "name" : "fun"
                              },
                              {
                                 "index" : -1,
                                 "name" : "strates"
                              },
                              {
                                 "index" : 1,
                                 "name" : ""
                              },
                              {
                                 "index" : -1,
                                 "name" : "depthNoise"
                              },
                              {
                                 "index" : -1,
                                 "name" : "terms"
                              },
                              {
                                 "index" : 2,
                                 "name" : ""
                              },
                              {
                                 "index" : -1,
                                 "name" : "terms"
                              },
                              {
                                 "index" : 0,
                                 "name" : ""
                              },
                              {
                                 "index" : -1,
                                 "name" : "fun"
                              }
                           ],
                           "linkType" : "LT:NOISE_2D",
                           "nodeValue" : null
                        },
                        {
                           "linkPath" : [
                              {
                                 "index" : -1,
                                 "name" : "substrate"
                              },
                              {
                                 "index" : -1,
                                 "name" : "fun"
                              },
                              {
                                 "index" : -1,
                                 "name" : "strates"
                              },
                              {
                                 "index" : 3,
                                 "name" : ""
                              },
                              {
                                 "index" : -1,
                                 "name" : "depthNoise"
                              },
                              {
                                 "index" : -1,
                                 "name" : "terms"
                              },
                              {
                                 "index" : 1,
                                 "name" : ""
                              },
                              {
                                 "index" : -1,
                                 "name" : "terms"
                              },
                              {
                                 "index" : 0,
                                 "name" : ""
                              },
                              {
                                 "index" : -1,
                                 "name" : "fun"
                              }
                           ],
                           "linkType" : "LT:NOISE_2D",
                           "nodeValue" : null
                        }
                     ],
                     "reference" : "substrate/sea_bed.json",
                     "seed" : 0,
                     "seed-combine" : true,
                     "seed-hash" : "",
                     "tick" : 0,
                     "type" : "reference"
                  },
                  "threeD" : null,
                  "threeDMaxY" : {
                     "enabled" : false,
                     "value" : 256
                  },
                  "threeDMinY" : {
                     "enabled" : false,
                     "value" : 0
                  },
                  "threeDSurfaceMaxY" : {
                     "enabled" : false,
                     "value" : 256
                  },
                  "threeDSurfaceMinY" : {
                     "enabled" : false,
                     "value" : 0
                  },
                  "threeDThresholdBias" : {
                     "enabled" : false,
                     "value" : -1
                  },
                  "threed_decorations" : null,
                  "threed_substrate" : null,
                  "type" : "standard",
                  "x" : null,
                  "y" : null
               },
               "seed" : 0,
               "seed-combine" : false,
               "seed-hash" : "",
               "temperature" : {
                  "enabled" : true,
                  "value" : 0.42000001668930054
               },
               "type" : "standard",
               "vegetation" : {
                  "enabled" : true,
                  "value" : 0.22400000691413879
               },
               "weight" : 0.5
            },
            "links" : [
               {
                  "blockConstraint" : 510896048,
                  "blockDefault" : "",
                  "checkDefault" : true,
                  "linkPath" : [
                     {
                        "index" : -1,
                        "name" : "biome"
                     },
                     {
                        "index" : -1,
                        "name" : "fun"
                     },
                     {
                        "index" : -1,
                        "name" : "weight"
                     }
                  ],
                  "linkType" : "LT:CUSTOM_SLIDER",
                  "name" : "Biome Weight",
                  "shortPath" : "ocean.weight",
                  "sliderCheck" : false,
                  "sliderDefault" : 0.70000004768371582,
                  "sliderMax" : 1,
                  "sliderMin" : 0,
                  "sliderStep" : 0.0010000000474974513
               }
            ]
         },
         "generator" : {
            "@version" : 6,
            "biomeSize" : 24,
            "lowerSea" : {
               "level" : 16,
               "liquidType" : "WATER"
            },
            "sea" : {
               "level" : 64,
               "liquidType" : "WATER"
            }
         },
         "seed" : "I has a seed!",
         "sharedConfig" : {
            "blockColors" : {
               "ASH_DEFAULT_BASE" : 1,
               "CRYSTAL_GLEAM_BASE" : 13,
               "FLORA_FLOWER_1" : 1,
               "FLORA_FLOWER_2" : 1,
               "FLORA_FLOWER_3" : 1,
               "FLORA_FLOWER_4" : 1,
               "GRASS_BARBED_BASE" : 8,
               "GRASS_GNARLED_BASE" : 7,
               "GRASS_VERDANT_BASE" : 9,
               "GRAVEL_DEFAULT_BASE" : 16,
               "GROWTH_DEFAULT_BASE" : 1,
               "ICE_DEFAULT_BASE" : 1,
               "ICE_GLACIER_BASE" : 1,
               "MOULD_DEFAULT_BASE" : 1,
               "MUD_DEFAULT_BASE" : 1,
               "ROCK_IGNEOUS_BASE" : 4,
               "ROCK_METAMORPHIC_BASE" : 5,
               "ROCK_SEDIMENTARY_BASE" : 6,
               "SAND_DEFAULT_BASE" : 16,
               "SOIL_CLAY_BASE" : 1,
               "SOIL_PEATY_BASE" : 3,
               "SOIL_SILTY_BASE" : 2,
               "SPONGE_DEFAULT_BASE" : 1,
               "TANGLE_DEFAULT_BASE" : 1,
               "THORNS_DEFAULT_BASE" : 1,
               "WOOD_ANCIENT_TRUNK" : 10,
               "WOOD_EXOTIC_LEAVES" : 15,
               "WOOD_LUSH_LEAVES" : 13,
               "WOOD_LUSTROUS_TRUNK" : 1,
               "WOOD_TWISTED_TRUNK" : 11,
               "WOOD_WAXY_LEAVES" : 14
            },
            "worldSize" : 288
         },
         "test" : {
            "@collapsed" : false,
            "@name" : "Reference Biome",
            "@position" : [ 8051, 9558 ],
            "seed" : 0,
            "seed-combine" : true,
            "seed-hash" : "",
            "type" : "reference"
         }
      },
      "links" : [],
      "reference" : "",
      "seed" : 0,
      "seed-combine" : true,
      "seed-hash" : "",
      "tick" : 0,
      "type" : "reference"
   }
}
